,State Abbv,F00020,F09787,F14642,F13214,F13220,F11984,F04538,F04542,F11396,F13191,F06795,F04820,F04821,F04904,F04905,F04906,F04907,F12016,F12017,F04916,F04917,F04918,F04919,F12034,F12035,F10498,F11318,F11319,F13176,F10505,F08921,F08922,F08923,F08924,F14045,F09545,F09566,F09567,F09568,F09571,F15297,F13906,F13907,F13908,F13909,F13910,F13911,F13914,F13915,F13920,F13921,F15549,F12558,F09781,F13226,F13321,F15474,F14482,F14587,F14206,F06712,F06713,F06714,F06715,F06716,F06717,F06718,F06719,F06720,F06721,F06722,F06723,F06724,F06725,F06726,F06727,F11640,F11641,F11642,F11643,F13483,N_BLACK,N_ASIAN,N_HISP,F13874,F09721,HPSA_WHOLE,HPSA_PART,RURAL,METRO,NONMETRO,OP_VISITS,ORD_DEATHS,CANCER_DEATHS,SHIP_COUNT,DOSAGE_UNIT,OP_PC,IP_PC,PCT_MEN,PCT_WHITE,PCT_BLACK,PCT_ASIAN,PCT_OTHER,PCT_HISP,PCT_MEDICARE,ARF_CDR,POP_DENSITY,PCT_DUALS,PCT_25T34,PCT_35T44,PCT_45T54,PCT_55T64,PCT_65T74,PCT_75T84,PCT_85PLUS,PCT_VETS,NP_PC,MD_LT35_PC,MD_35T44_PC,MD_45T54_PC,MD_55T64_PC,MD_65T74_PC,MD_75PLUS_PC,SPEC_LT35_PC,SPEC_35T44_PC,SPEC_45T54_PC,SPEC_55T64_PC,SPEC_65T74_PC,SPEC_75PLUS_PC,DENTISTS_LT35_PC,DENTISTS_35T44_PC,DENTISTS_45T54_PC,DENTISTS_55T64_PC,DENTISTS_65PLUS_PC,MD_PC,SPEC_PC,PCT_25T44,PCT_45T64,PCT_65PLUS,EXP_EARLY,ORD_CDR,CANCER_CDR,NP_RX,PDMP_REQ_CHECK,State
0,AK,-0.0,0.0,-0.0,0.0,0.02253173946773569,0.0,0.0,0.0,0.0,0.0,-0.0,-0.0,-0.0,-0.0,-0.0,-0.0,-0.0,-0.0,-0.0,-0.0,-0.0,-0.0,-0.0,-0.0,-0.0,-0.0,0.0,-0.0,-0.0,-0.0,-0.0,-0.0,-0.0,-0.0,0.16408947336683546,-0.0,-0.0,-0.0,-0.0,0.0,0.0,0.0,0.0,0.0,0.0,-0.0,-0.04368068228660183,-0.0,-0.0,-0.0,-0.0,0.0,0.0,0.0,0.053805190044947084,-0.0,-0.0,-0.0,0.000348671495300934,0.0,-0.0,-0.0,-0.0,-0.0,-0.0,-0.0,-0.0,0.0,0.0,0.0,0.0,0.0,0.0,0.0,0.0,0.0,0.0,0.0,0.0,0.0,0.18654900517952688,-0.0,-0.0,-0.0,-0.0,-0.0,-0.0,0.0,-0.11691182005665236,0.07358359050087748,0.0,-0.0,0.0,0.0,0.0,0.25100162962997946,-0.05354583553366758,0.0,0.0,0.0,-0.21688151112163748,0.0,-0.3161580485646137,0.0,0.0,0.04169691488909729,-0.05381930631160518,0.16805442272789284,-0.0,-0.0,-0.0,-0.0,-0.0,-0.0,0.0,0.0,0.0,-0.0,-0.010222882332326402,-0.0,0.26860592532282723,0.0,-0.2538954561130449,-0.0,-0.0,0.05652937871024416,0.1728916959221889,0.025714529926785842,0.0,-0.0,0.0,0.10324610248810291,-0.0,0.0,0.0,0.0,-0.0,-0.0,-0.0,0.0,-0.0,-0.0,0.0,0.0,Alaska
1,AL,0.0,0.0,-0.0,0.03832035314595247,0.02683584511447429,-0.0,-0.0,0.0,-0.0,-0.0,0.0,-0.0,-0.0,-0.0,-0.0,-0.0,-0.0,-0.0,-0.13964397202154075,-0.0,-0.188529587796547,-0.0,-0.0,-0.017618167549096057,-0.0,-0.0,-0.0,-0.0,-0.0,-0.0,-0.0,-0.0,-0.0,-0.0,0.0,-0.0,-0.0,-0.0,-0.0,-0.0,0.15862090102446974,-0.0,-0.0,-0.0,-0.0,-0.0,-0.060928432537918034,-0.0,-0.0,-0.0,-0.0,-0.0,-0.0,-0.0,-0.0,0.03644131503978579,0.0035768868622121693,-0.0,0.0,-0.0,-0.0,-0.0,-0.0,-0.0,-0.0,-0.0,-0.0,-0.0,-0.0,-0.0,-0.0,-0.0,-0.0,-0.0,-0.0,-0.0,-0.0,-0.0,-0.0,-0.0,0.0,-0.0,-0.0,-0.0,-0.00583986055549722,-0.0,-0.10863470981369508,0.0,-0.25596045203127943,-0.0,0.0,-0.0,-0.12451471400346305,-0.0,0.0,0.5979734834437054,0.0446395496600515,0.0,0.0,0.06445776915960814,-0.0,0.0,-0.0,0.061623776241393736,0.04422950601073738,0.1415706226191818,-0.0,0.0,-0.020716545261286252,0.0,-0.0,-0.0,0.07356974956590052,0.0,0.0,-0.0,0.0,-0.04010174657711882,-0.0,-0.0,0.059933922943366885,0.0,-0.0,-0.050466620288144706,-0.0,0.0,0.0,-0.0,-0.0,0.00693178053682716,0.09324921032205978,0.1113932641439544,0.06119905780505598,-0.0,-0.0,-0.0,-0.0,-0.0,0.0,0.0,0.51229969737142,-0.0,0.0,0.0,Alabama
2,AR,0.0,-0.0,-0.0,-0.0,0.08327910546225323,-0.0,-0.0,0.0,-0.0,-0.0,0.08433426764543728,-0.0,-0.0,-0.0,-0.0,-0.0,-0.0,-0.0,-0.0,-0.0,-0.0,-0.0,-0.0,-0.0,-0.0,-0.0,-0.030495194818921947,-0.052420848853137,-0.015057976153826988,-0.18930450062188992,-0.0,-0.0,-0.0,-0.0,0.0,-0.0,-0.0,-0.0,-0.0,-0.0,0.029585811606697418,-0.0,-0.0,-0.0,-0.0,-0.0,-0.0,-0.41781334773964834,-0.0,-0.0,-0.0,-0.0,-0.0,0.05608500602210076,0.0,0.03685064068900783,0.0,-0.0,0.07106404515342638,-0.0,-0.0,-0.0,-0.0,-0.0,-0.0,-0.0,-0.0,-0.0,-0.0,-0.0,-0.0,-0.0,-0.0,-0.0,-0.0,-0.0,-0.0,-0.0,-0.0,-0.0,-0.0,-0.0,-0.0,-0.0,-0.0,-0.0611134725761253,0.0,-0.0,-0.0,-0.00745862092925349,0.030471320450018734,-0.0,-0.12215322793247313,-0.0,-0.0,0.7774217943444817,-0.0,-0.0,-0.11601851570775802,0.0,-0.0,0.1857819457403425,0.10618425838189917,0.11602382026849614,0.0,0.10145831759086522,-0.0,0.040003284342107585,-0.0,-0.0,-0.023130792128532474,-0.0,0.1198473107105925,-0.0,-0.0,-0.12085412842277514,-0.027748877749895803,-0.0,-0.0,-0.0,0.02970095727417509,-0.0,0.024221167742515676,-0.0,-0.003246340050963234,-0.0,-0.0,-0.04132570046039224,-0.0,0.02487483884479163,0.0,0.21912799073669553,-0.0,-0.010260265025993236,-0.0,-0.0,-0.0,-0.055734457297169415,0.0,0.0,0.5366139952290603,-0.03502457236475721,0.0,0.0,Arkansas
3,AZ,-0.0,0.0,-0.0,0.0,0.0,-0.0,0.0,-0.0,-0.0,-0.0,0.0,-0.0,-0.0,-0.0,-0.0,-0.0,-0.0,-0.0,-0.0,-0.0,-0.0,-0.0,-0.0,-0.0,-0.0,-0.0,-0.0,-0.0,-0.0,-0.0,-0.0,-0.0,-0.0,-0.0,-0.0,-0.0,-0.0,0.0,-0.06114605728918829,-0.0,0.153842460855517,-0.0,-0.0,-0.0,-0.0,-0.0,-0.0,-0.0,-0.0,-0.0,-0.0,-0.0,-0.0,-0.0,-0.0,0.0,-0.0,0.0,0.03986773832758945,-0.0,-0.0,-0.0,-0.0,-0.0,-0.0,-0.0,-0.0,-0.0,-0.0,-0.0,-0.0,-0.0,-0.0,-0.0,-0.0,-0.0,-0.0,-0.0,-0.0,-0.0,0.0,-0.0,-0.0,-0.0,0.0,0.0,-0.0,0.0,0.0,-0.0938944701004591,1.3158198810372231e-17,-0.0,-0.0,-0.0,0.0,0.0,-0.03909171346102211,0.0,0.13090782514034108,0.0,0.0,0.0,-0.13102291234624613,0.0,0.027307299791867762,0.42552582418953977,-0.0,0.0,-0.0,-0.0,-0.08914186963257532,-0.0,0.0,-0.0,-0.0,-0.0,-0.0,-0.0,-0.0,-0.0,-0.0,-0.0,-0.0,-0.025668911966545763,-0.0,-0.0,0.0,-0.02035118745492318,-0.0,0.06244363796666968,0.0004975142932671214,0.02435623119792774,0.31870450913333953,0.0,-0.0,-0.0,-0.0,-0.0,-0.0,0.0,0.15715222932085932,0.2244947584541209,0.0,0.0,Arizona
4,CA,-0.0,-0.0,-0.0,-0.0,-0.0,-0.0,-0.0,-0.5031370069955634,-0.0,-0.0,0.1468558303074448,-0.0,-0.0,-0.0,-0.0,-0.0,-0.0,-0.0,-0.0,-0.0,-0.0,-0.0,-0.0,-0.0,-0.0,-0.0,-0.0,-0.0,-0.0,-0.0,-0.0,-0.0,-0.0,-0.0,-0.0,-0.0,-0.0,-0.007745403661813352,-0.0,-0.0,0.0,-0.0,-0.0,-0.0,-0.0,-0.0,-0.0,-0.0,-0.0,-0.0,-0.0,-0.0,-0.0,-0.0,-0.0,0.061234710745992585,-0.0,-0.30403758726247626,-0.0,-0.0,-0.0,-0.0,-0.0,-0.0,-0.0,-0.0,-0.0,-0.0,-0.0,-0.0,-0.0,-0.0,-0.0,-0.0,-0.0,-0.0,-0.0,-0.0,-0.0,-0.0,-0.0,-0.0,-0.0,-0.0,-0.0,-0.0023727510384835607,0.0,-0.0,-0.2754644562019872,0.0,0.0,-0.0,-0.0014635927982716856,-0.0,-0.0,-0.0,-0.0,-0.016920035306250584,0.035414578864972304,0.01784994906266475,-0.0,-0.0,-0.0,-0.0,0.0,0.2597005433246926,-0.0,0.052663384726685324,0.0,-0.0,-0.09351008890168286,-0.0,-0.0,-0.0,0.0,0.0,-0.01878438603929244,-0.0,-0.0,-0.0,0.0,-0.0,-0.0,-0.11679971096789207,-0.0,0.0,0.05597299178010526,0.0,-0.0,0.024224593248228832,0.0,0.0,0.0,0.09057033792740035,-0.0,0.0,0.0,-0.008476856995282514,-0.0,0.06374002275341974,0.13392545324190944,0.0,0.0,0.0,California
5,CO,-0.0,-0.0,-0.1142713532927149,-0.0,0.0,-0.0,-0.0,0.17701857982378333,-0.0,-0.0,0.1966532619804223,-0.0,-0.0,-0.0,-0.11500675675339903,-0.1121288209752943,-0.0,-0.0,-0.009425584279428042,-0.0,-0.0,-0.0,-0.0,-0.0,-0.0,-0.0,-0.0,-0.0,-0.0,-0.0,-0.0,-0.0,-0.018809345837157536,0.07509588640265107,0.06052676312901404,-0.0,-0.0,-0.0,-0.0,-0.0,0.0,-0.0,-0.0,-0.0,-0.0,-0.0,-0.015125443979945098,-0.0,-0.04023434661930539,-0.0,-0.0,-0.0,-0.0,-0.0,-0.0,-0.0,-0.24726121274253793,-0.15544322405089037,-0.10560249670382917,0.0,-0.0,-0.0,-0.0,-0.0,-0.0,-0.0,-0.0,-0.0,-0.0,-0.0,-0.0,-0.0,-0.0,-0.0,-0.0,-0.0,-0.0,-0.0,-0.0,-0.0,-0.2406591363743659,-0.0,-0.0,-0.0,-0.0,-0.032749769455504875,-0.08628321342531718,0.0,-0.1700461669336121,-0.0,0.07513867475340016,-0.055421654276775305,-0.0,-0.0,0.0,0.08798698966875627,0.07694464221855674,0.05398674062301941,-0.0,-0.0,0.0,0.152273850550976,0.06773787277631288,0.0,0.0,0.0,0.0,0.010050650754838174,0.0,-0.22189885940537235,0.0,-0.011447912705808834,-0.0,0.0,0.12098251460466591,0.14515735422832304,-0.0,0.0,-0.0,0.1610864107030638,0.0,-0.0,-0.19157449148767042,-0.0,-0.0,-0.005024640291079269,0.09428018257760347,-0.0,0.08683049061684309,0.0,0.12278732321826714,0.0,0.06941791030244485,0.014090161333095451,0.0,-0.0,0.0,-0.0,0.0,0.0,0.16012763675938455,0.10386515671331187,0.0,0.0,Colorado
6,CT,0.0,0.0,-0.0,-0.0,-0.0,-0.0,-0.0,-0.0,-0.0,-0.0,0.27034121546877327,-0.0,-0.0,0.0,-0.0,-0.0,-0.0,-0.0,-0.0,0.0,-0.0,-0.0,-0.0,-0.0,0.0,-0.0,-0.0,-0.0,-0.0,-0.0,-0.0,-0.0,-0.14264280518630926,-0.0,-0.0,-0.0,0.0,-0.0,0.0,0.2063791830138729,0.03328493038234711,-0.0,-0.0,-0.0,-0.0,-0.0,-0.0,-0.0,-0.0,-0.0,-0.0,-0.0,-0.0,-0.0,-0.0,0.0,0.0,-0.0,0.1624982720441777,-0.0,-0.0,-0.0,-0.0,-0.0,-0.0,-0.0,-0.0,-0.0,-0.0,-0.0,-0.0,-0.0,-0.0,-0.0,-0.0,-0.0,-0.0,-0.0,-0.0,-0.0,0.0,-0.0,-0.0,-0.0,-0.0,-0.0,-0.0,0.0,0.0,-0.0,0.0,0.0,0.0,-0.0,0.0,0.0,0.0010633957850769767,0.0,0.0,-0.0,-0.0,0.0,0.029713898741311473,-0.0,0.08223846527901091,0.05669155435862647,-0.0,0.12406559111156554,0.0,-0.0,-0.0,0.0,0.0,0.0,0.0,0.014813573637490331,0.0,0.0,0.0,0.0,0.0,0.0,0.0,0.0,0.0,0.0,0.0,-0.0,0.0,-0.11079716410254284,-0.0,-0.0,-0.0,0.0,0.0,0.0,0.0,0.0,0.0,0.0,0.0,0.36408843081503967,-0.0,0.0,Connecticut
7,DC,0.0,0.0,-0.0,0.0,0.0,0.0,0.0,0.0,0.0,0.0,0.0,0.0,0.0,0.0,0.0,-0.0,-0.0,0.0,0.0,0.0,0.0,-0.0,0.0,-0.0,-0.0,-0.0,-0.0,-0.0,0.0,-0.0,-0.0,-0.0,-0.0,-0.0,-0.0,-0.0,0.0,-0.0,-0.0,0.0,0.0,0.0,0.0,0.0,0.0,-0.0,-0.0,0.0,0.0,0.0,0.0,0.0,-0.0,0.0,0.0,0.0,0.0,0.0,0.0,0.0,0.0,0.0,0.0,0.0,0.0,0.0,0.0,0.0,0.0,0.0,0.0,0.0,0.0,0.0,0.0,0.0,0.0,0.0,0.0,0.0,0.0,-0.0,0.0,0.0,-0.0,0.0,0.0,0.0,0.0,0.0,0.0,0.0,-0.0,-0.0,0.0,0.4138934367720789,0.0,-0.0,0.0,0.0,-0.0,0.0,0.0,0.0,-0.0,-0.0,0.0,0.0,-0.0,-0.0,-0.0,-0.0,-0.0,-0.0,-0.0,0.0,-0.0,0.0,0.0,-0.0,-0.0,0.0,0.0,0.0,0.0,-0.0,0.0,-0.0,-0.0,-0.0,-0.0,-0.0,-0.0,-0.0,0.0,0.0,-0.0,-0.0,-0.0,0.0,-0.0,-0.0,0.0,0.0,Washington D.C.
8,DE,0.0,0.0,-0.0,-0.0,-0.0,-0.0,-0.0,0.0,-0.0,-0.0,0.3752488052059298,-0.0,-0.0,-0.0,-0.0,-0.0,-0.0,-0.0,-0.0,-0.0,-0.0,-0.0,-0.0,0.0,-0.0,-0.0,-0.0,-0.0,-0.0,-0.0,-0.0,-0.0,-0.0,-0.0,-0.12302038222954972,-0.0,0.0,-0.0,0.0,-0.0,0.0,-0.0,-0.0,-0.0,-0.0,-0.0,-0.0,-0.0,-0.0,0.0,-0.0,0.0,-0.0,0.0,0.0,0.0,0.0,-0.0,0.3710755067031157,-0.0,-0.0,-0.0,-0.0,-0.0,-0.0,-0.0,-0.0,-0.0,-0.0,-0.0,-0.0,-0.0,-0.0,-0.0,0.0,-0.0,-0.0,-0.0,-0.0,-0.0,0.0,-0.0,-0.0,-0.0,-0.0,0.0,-0.0,0.0,0.0,-0.5506428641642963,0.0,-0.0,0.0,-0.0,0.0,0.08290495724249138,-0.0,-0.04931073034724349,0.0,0.0,-0.0,-0.0,0.0,0.0,0.0,0.0,-0.0,0.0,-0.0,-0.0,-0.0,0.0,0.0,0.0,0.0,0.0,-0.0,-0.0,-0.0,-0.0,-0.0,0.0,-0.0,-0.0,-0.0,-0.0,-0.0,0.0,-0.0,-0.16120008548733533,-0.0,-0.0,-0.0,-0.0019737119202413783,-0.0,-0.0,-0.0,0.0,0.0,0.0,0.0,0.0,0.0,0.0,Delaware
9,FL,-0.2585902567631769,0.0,-0.08841346799260619,-0.0,-0.0,-0.0,-0.0,-0.0,-0.0,-0.0,0.26147512534296863,-0.0,-0.0,-0.0,-0.0,-0.0,-0.0,-0.0,-0.10523729044989118,-0.0,-0.0,-0.0,-0.0,-0.0,-0.0,-0.0,-0.0,-0.0,-0.0,-0.0,-0.0,-0.0,-0.0,-0.0,-0.0033371252805278664,-0.0,-0.0,-0.0,0.0,-0.0,0.049504890264139935,-0.0,-0.0,-0.0,-0.0,-0.0,-0.0,-0.0,-0.025099747002673495,-0.0,-0.0,-0.08906824003848797,-0.0,-0.0,0.0,-0.05478144910841775,0.0,-0.046314248529337354,0.0,-0.0,-0.0,-0.0,-0.0,-0.0,-0.0,-0.0,-0.0,-0.0,-0.0,-0.0,-0.0,-0.0,-0.0,-0.0,-0.0,-0.0,-0.0,-0.0,-0.0,-0.0,-0.0,-0.0,-0.0,-0.0,-0.010727487292060873,-0.0,-0.11822498376487987,0.0,0.0,-0.16989015666664523,0.0,-0.0,-0.0,-0.0,0.0,0.4427088013111783,0.06532204105459957,0.0,-0.18167679775911214,0.21255109567497663,-0.0,-0.19733569355793115,-0.0,-0.0867045820761428,-0.0,0.0,-0.0,-0.001516989837837907,0.0,0.0,0.022355149831728288,-0.0,-0.0,-0.0,-0.16143132491664952,0.257394743903514,0.3074544735283429,-0.0,-0.19904617574942443,-0.0,0.09330769314075864,0.0,0.0,-0.0,-0.0,-0.0,0.0,0.0,0.016899726978379662,0.0,-0.02197089765090819,-0.0,0.0,0.06668475756411901,-0.0,-0.0,0.0,0.0,-0.04799917048533932,0.0,0.16650407861313413,-0.0,0.0,0.0,Florida
10,GA,0.0,-0.0,-0.0,0.0,-0.0,-0.0,-0.0,0.0,-0.007637080973693317,-0.0,0.03728323377034579,-0.0,-0.0,-0.0,-0.0,-0.0,-0.0,-0.0,-0.0,-0.0,-0.0,-0.0,-0.0,-0.0,-0.0,-0.0,-0.0,-0.0,-0.0,-0.0,-0.0,-0.0,-0.0010758024571646718,-0.0,-0.0,-0.0,-0.0,-0.0029658758258304767,0.0,-0.0,0.12159049377676413,-0.0,-0.0,-0.0,-0.0,-0.0,-0.0,-0.0,-0.0,-0.0,-0.0326115815636846,-0.0,-0.0,-0.0,-0.0,0.0,0.03887959443244916,-0.0,0.07123572700727678,-0.0,-0.0038227524786440246,-0.0,-0.0,-0.0,-0.0,-0.06075116480329802,-0.0,-0.0,-0.0,-0.0,-0.029179167589402862,-0.0,-0.0,-0.0,-0.0,-0.0,-0.0,-0.0,-0.0,-0.0,0.0,-0.0,-0.0,-0.0,-0.0,-0.0,-0.09183233505231177,0.0,-0.14511714117040453,-0.0,0.092388370929747,-0.0,-0.26830579244715214,-0.0,0.0,0.40234602454104407,0.004918172823871466,0.0,-0.06017543032640204,0.04059324475304493,-0.0,-0.0,0.0,0.0,0.0,0.0,-0.0,0.15110018691348304,-0.0,-0.012408463340643142,-0.05690942831445742,0.0,0.004151059911310008,0.003972294218293372,0.0,0.0,0.0,-0.0,0.0,0.0,0.0,0.0,0.0,-0.022414332396564457,0.0,0.03105571265502204,0.10562712123052057,-0.0,-0.0,0.03533320042688815,0.0,0.1468533392657965,0.0,0.0,0.0,0.0,-0.0,-0.0,0.0,0.0,0.622043613453985,0.0,0.0,0.0,Georgia
11,HI,0.0,-0.0,-0.0,-0.0,-0.0,-0.0,-0.0,0.0,-0.0,-0.0,0.09329316729119724,-0.0,-0.0,-0.0,-0.0,-0.0,-0.0,-0.0,-0.0,-0.0,-0.0,-0.0,-0.0,-0.0,-0.0,-0.0,-0.0,-0.0,-0.0,-0.0,-0.0,-0.0,-0.0,-0.0,-0.009464938036647873,-0.0,-0.0,-0.0,-0.0,0.0,0.0,-0.0,-0.0,-0.0,-0.0,-0.0,-0.0,-0.0,-0.0,-0.0,-0.0,-0.0,-0.0,-0.0,-0.0,0.0,0.06749936123438409,-0.019532785503739818,-0.0,-0.0,-0.0,-0.0,-0.0,-0.0,-0.0,-0.0,-0.0,-0.0,-0.0,-0.0,-0.0,-0.0,-0.0,-0.0,-0.0,-0.0,-0.0,-0.0,-0.0,-0.0,0.0,-0.0,-0.0,-0.0,0.0,0.0,0.0,-0.0,0.0,-0.0,0.0,-0.0,-0.2520337733351171,-0.0,-0.0,-0.0,-0.0,-0.0,0.0,0.062078607686672505,-0.0,-0.0,0.0,0.1025380853538275,-0.0,-0.0,-0.0,-0.0,-0.0,-0.0,0.0,0.0,0.0,-0.0,-0.0,0.0,-0.2078715633001176,-0.0,-0.0,-0.2643521371053285,0.0022877583237306573,-0.0,-0.0,-0.05377627998417962,-0.0,-0.0,0.0,-0.0,-0.0,0.0,-0.0,-0.023614391866739515,0.0,-0.0,-0.0,-0.0,-0.0,0.0,-0.0,0.0,-0.0,0.0,0.0,0.0,Hawaii
12,IA,-0.09884175812464968,-0.0,-0.0,0.0,0.04497047342749393,-0.0,-0.0,-0.0,-0.0,-0.0,0.12433707968064506,-0.0,-0.0,-0.0,-0.0,-0.0,-0.0,-0.0,-0.0,-0.0,-0.09042414560010671,-0.0,-0.0,-0.0,-0.0,-0.0,-0.0,-0.0,-0.0,-0.0,-0.0,-0.0,-0.06845223753435219,-0.07720303353846246,-0.0,-0.0,-0.0,-0.0,-0.0,-0.0,0.07679131886987636,-0.0,-0.0,-0.0,-0.0,-0.0,-0.05273609325609165,-0.0,-0.13202772538953603,-0.0,-0.0,-0.0,-0.0,0.025239546456916145,0.0,0.17305768805356284,-0.10512894269236744,0.0,0.0,-0.0,-0.0,-0.039454962689563944,-0.0,-0.0,-0.0,-0.0,-0.0,-0.0,-0.0,-0.0,-0.0,-0.0,-0.0,-0.0,-0.0,-0.0,-0.0,-0.0,-0.0,-0.0,-0.0,-0.0,-0.0,-0.0,0.0,-0.10153563098196396,-0.04932320731741724,0.0,-0.3153464545068525,0.0,0.0,-0.0,-0.0,-0.0,0.40338759072960256,0.014014166205709885,0.05021342206854234,-0.0,-0.047313914443615594,0.0,0.0,0.0,-0.0,-0.0,-0.03775067692780672,0.08196511127476225,-0.0,0.22819141100174767,0.0,0.0,-0.032736377100251575,0.0022141032192962823,0.0,-0.0,0.0,-0.045377230631835914,-0.0,-0.0,0.0,-0.0,0.0065486381533218915,0.0773696255934522,-0.005240623163390938,-0.0,-0.0,-0.0,0.0,-0.0,-0.021970133677442594,0.05915958405855772,-0.0,0.07222930408578766,0.0,-0.0,0.0,-0.0,0.0,0.0,-0.0,0.0,0.32031504290547785,0.009015233174159318,0.0,0.0,Iowa
13,ID,-0.0,0.0,-0.0,-0.0,-0.0,-0.0,0.0,-0.046099715406788366,-0.0,-0.0,0.0,-0.0,-0.0,-0.0,-0.0,-0.0,-0.0,-0.0,-0.0,-0.0,-0.0,-0.0,-0.0,-0.0,-0.0,-0.0,-0.0,-0.0,-0.0,-0.0,-0.0,-0.0,-0.0,-0.02541598468607043,0.0,-0.0,-0.0,-0.0,-0.0,-0.0,0.19699208479809605,-0.0,-0.0,-0.0,-0.0,-0.0,-0.0,-0.0,-0.0,-0.0,-0.0,-0.0,-0.0,0.0,0.0,0.0,-0.023068592893909726,-0.0,-0.0,0.0,-0.0,-0.0,-0.0,-0.0,-0.0,-0.0,-0.0,-0.0,-0.0,-0.0,-0.0,-0.0,-0.0,-0.0,-0.0,-0.0,-0.0,-0.0,-0.0,-0.0,-0.0,-0.0,-0.0,-0.0,-0.0,-0.01483628023496441,-0.0,0.0823360054073727,-0.0,-0.0,0.014156215570466488,-0.0,-0.0,-0.0,0.0,0.0,0.13610625202890073,0.0,-0.050646969331412904,0.0,0.0,-0.0,-0.0,-0.0,0.0,0.09627454352683912,-0.0,0.4369330951714679,0.0,-0.0,-0.10056036303537999,-0.0,-0.0,0.0,0.052904372037457355,0.0,-0.04127247096494541,-0.0,0.0,0.17589009073113648,0.028485255712948968,-0.0,-0.0,0.0,0.0,-0.04883220350431446,0.0,0.0,-0.0,0.03377749867381085,0.0,0.14778223490986844,0.0,-0.0,0.0,-0.0,0.0,-0.0,-0.0,0.0,0.24364490477079634,0.016541003162529266,0.04888219838069732,0.0,Idaho
14,IL,0.0,0.0,-0.0,-0.0,-0.08511933317855745,-0.0,-0.004624704394487409,-0.04327758458163396,-0.0,-0.0,0.060614770734409455,-0.0,-0.0,-0.0,-0.0,-0.0,-0.0,-0.0,-0.0,-0.0,-0.0,-0.0,-0.0,-0.0,-0.0,-0.0,-0.0,-0.0,-0.0,-0.0,-0.0,-0.0,-0.0,0.0,-0.0,-0.0,-0.0,-0.0,-0.015847336931887012,0.0,0.15963962163581905,-0.0,-0.0,-0.0,-0.0,-0.0,-0.0,-0.0,-0.0,-0.0,-0.0,-0.0,-0.0,-0.0,-0.0,0.1324785227792837,-0.0,-0.0,-0.07523370542337517,-0.0,-0.0,-0.0,-0.0,-0.0,-0.0,-0.0,-0.0,-0.0,-0.0,-0.0,-0.0,-0.0,-0.0,-0.0,-0.0,-0.0,-0.0,-0.0,-0.0,-0.0,-0.0,-0.0,-0.0,-0.0,0.0,-0.08137389309876146,-0.0749355496788897,0.07702338199645047,-0.10551404535413245,-0.0,0.0,-0.0,-0.0,-0.0,-0.0,-0.0,0.1638276583264684,0.026018405031225746,-0.03757700868141408,0.06633776182549947,-0.0,-0.01031917991743569,0.0,-0.0,0.0,0.0,-0.0,0.16914400781999275,-0.0,0.0,-0.0,-0.0,0.0,-0.0,-0.0,0.0,0.029344545768595985,-0.0,0.0,0.0,0.0,-0.0,-0.0,-0.0,-0.0,-0.0,0.019982744665345314,0.0,-0.07204088651412939,0.03648195192881961,0.0419441002461292,0.1250311848718815,0.025163404296386103,-0.0,-0.0,-0.0,0.0,-0.0,-0.0,0.0,0.45384077862650635,0.006398300627385342,0.0,0.0,Illinois
15,IN,-0.0,-0.0026084784669455656,-0.034729785066106224,-0.0,-0.0,-0.0,-0.0,-0.0,-0.0,-0.0,0.08979909256288654,-0.0,-0.0,-0.19874910439208937,-0.07764211752105828,-0.0,-0.008125513722066323,-0.0,-0.0,-0.0,-0.0,-0.0,-0.0,-0.029670579982260446,-0.0,-0.0,-0.0,-0.0,-0.0,-0.0,-0.0,-0.0,-0.0,-0.05567933830840764,0.0,-0.0,-0.0,-0.0,-0.0,-0.01680415207142787,0.007336059751331061,-0.0,-0.0,-0.0,-0.0,-0.0,-0.0,-0.0,-0.0,-0.0,-0.20622307046273655,-0.0,-0.0,0.08948095113899836,0.0,-0.0,-0.03762826229952015,0.0,0.0,-0.0,-0.0,-0.0,-0.0,-0.0,-0.0,-0.0,-0.0,-0.0,-0.0,-0.0,-0.0,-0.0,-0.0,-0.0,-0.0,-0.0,-0.0,-0.0,-0.0,-0.0,-0.0,-0.0,-0.0,-0.0,0.0,-0.0,-0.05285565817295992,-0.0,-0.10674946923751573,-0.0,0.0645093282207698,-0.0,-0.0,-0.0,0.0,0.5800393991921688,0.1279360738595969,0.0,-0.01536731139263806,0.0,-0.0,0.0,-0.0021636694480700693,-0.0,0.0,0.05645260024828904,0.0,0.3653832925130477,0.0,0.0,-0.0,-0.0037855690483239017,-0.0,-0.0,-0.10028779227058864,0.0,-0.0,-0.0,0.0,0.0,0.0,-0.0,0.0,0.0,0.0,0.0,0.031295356516734145,0.0,0.0,0.0,0.13278210826253434,0.0,0.00972231995116016,0.0,0.0,0.0,0.05742560624564098,-0.07230011509143845,-0.0,0.0,0.2992805329378367,0.0289357664820103,0.0,0.0,Indiana
16,KS,-0.0,0.0,-0.0,-0.0,-0.0,-0.0,0.0,-0.04585989781264077,-0.0,-0.0,0.01846131042992318,-0.0,-0.0,-0.0,-0.0,-0.0,-0.0,-0.0,-0.06548566311763131,-0.0,-0.0,-0.0,-0.0,-0.0,-0.0,-0.0,-0.0,-0.0,-0.0,-0.0,-0.0,-0.0,-0.0,-0.02878938204949754,-0.0,-0.0,-0.0,-0.0,-0.0,-0.0,0.014615022506496642,-0.0,-0.0,-0.0,-0.0,-0.0,-0.0,-0.0,-0.0,-0.0,-0.0,-0.0,-0.0,0.018678248419957376,0.10919101330040294,0.00013612244735883793,-0.04185675920087915,0.0,-0.0,-0.0,-0.0,-0.0,-0.0,-0.0,-0.0,-0.0,-0.0,-0.0,-0.0,-0.0,-0.0,-0.0,-0.0,-0.0,-0.0,-0.0,-0.0,-0.0,-0.0,-0.0,-0.0,-0.0,-0.0,-0.0,0.0,0.04915712311070505,-0.04602749876390435,0.025509348857838288,-0.1914406898538297,-0.0,0.04462200346460316,-0.02454963746657714,-0.0,-0.0,0.0,0.12127391531188281,0.20247453168527688,0.03910421862490457,-0.017266699988982285,-0.005175566075687859,0.0,0.08256303191108082,0.044060165184999216,-0.0,-0.1437837381452783,0.0,-0.0,0.5154401564868182,-0.031162504443128704,-0.0,0.0,-0.0,0.0,-0.0,0.117511410831704,-0.13867794973548986,0.0,0.0030958927425750343,0.0,0.04523628907495726,0.15212782606352637,-0.08623453128503698,0.0,-0.0,-0.11072171609289148,-0.0011712581414816499,0.0780816132354286,-0.0,0.0,0.0,0.0,0.04570002932509226,-0.0,-0.037583409875148105,0.0,-0.0,-0.03305117603359062,-0.0,0.0,0.0,0.2828180296437929,-0.0,0.0,0.0,Kansas
17,KY,-0.0,-0.0,-0.0,0.0,0.0,-0.0,0.0,-0.0,-0.0,-0.0,0.006211911884482484,-0.0,-0.0,-0.0,-0.0,-0.0,-0.0,-0.0,-0.0,-0.0,-0.0,-0.0,-0.14550923141491914,-0.0,-0.0,-0.0,-0.0,-0.0,-0.0,-0.0,-0.0,-0.0,-0.0,-0.0,-0.003244202968784014,-0.0,-0.0,-0.0,-0.0,-0.0,0.07688730554033694,-0.0,-0.0,-0.0,-0.0,-0.0,-0.05805733982066242,-0.0,-0.0,-0.0,-0.053811673040459404,-0.0,-0.0,0.032694547440326474,-0.0,0.0,0.0,-0.0,-0.013569200537422525,-0.0,-0.0,-0.0,-0.0,-0.0,-0.0,-0.0,-0.0,-0.0,-0.0,-0.0,-0.0,-0.0,-0.0,-0.0,-0.0,-0.0,-0.10316207085163319,-0.0,-0.0,-0.16640109658879942,0.0,-0.0047023384098317895,-0.0,-0.0,0.0,0.024878445220369545,-0.08604198573881203,0.0,-0.05359765019923811,-0.0,0.1115635715775574,-0.0,-0.023719659928994098,-0.0,0.0,0.6698735352509885,0.0,0.10120696082172287,0.004052038818439999,-0.0,0.0,-0.0,0.0,0.0,0.028633218568531946,0.045569320855615374,-0.10634514353634847,0.24389297808340032,0.0,0.0,0.0,0.016037157529873714,0.0,-0.0,-0.0,-0.0,0.06094213974597983,0.0,0.0,0.0,0.06085459776393317,0.0,-0.0,0.0,0.0,0.05907505537799706,0.0,0.0,0.0,-0.0,0.0,0.0008957706227937842,-0.0,0.0,0.0,0.0,0.0,0.021015704239460885,-0.0,0.0,0.33415961491799406,0.0,0.0,-0.05051355148853315,Kentucky
18,LA,-0.0,-0.0,-0.0,-0.0,-0.0,-0.0,-0.0,0.0,-0.0,-0.0,-0.06635653053591783,-0.0,-0.0,-0.0,-0.0,-0.0,-0.24847973513646407,-0.0,-0.0,-0.0,-0.0,-0.0,-0.0,-0.0,-0.0,-0.0,-0.010393676346205695,-0.0036380418040054302,-0.0,-0.18114084389299145,-0.0,-0.0,-0.0,-0.0006512131233470039,-0.0,-0.0,-0.0,-0.0,0.0,0.05805463248775208,0.10543812716857105,-0.0,-0.0,-0.0,-0.0,0.0,0.0,-0.3750453111468527,-0.0,-0.0,-0.0,-0.0,-0.0,0.0,0.0,-0.14032692261107582,-0.0,0.0,0.0,0.0,-0.0,-0.0,-0.0,-0.0,-0.0,-0.0,-0.0,-0.0,-0.0,-0.0,-0.0,-0.0,-0.0,-0.0,-0.0,-0.0,-0.0,-0.0,-0.0,-0.0,-0.032975605726038575,0.0,-0.0,-0.0,-0.0,-0.0,-0.13249769676013326,0.0,0.0,-0.03153706313600161,0.07560252591517995,-0.0,-0.17310919803091224,-0.0,0.0,1.1319075191964734,0.0,-0.0,-0.0,0.06314907104684327,-0.0,-0.03160114676348326,0.0,0.14614053054293763,-0.0,0.0,-0.0,0.29978661060869183,0.11458023758827388,-0.024718930090750726,-0.0,-0.0,-0.0,-0.0,-0.0908354450645405,-0.21238389017081133,-0.0,-0.0,-0.0,0.0,0.0,-0.0,0.13771265011507813,-0.0,-0.09648038375571993,0.0,0.07268989240739136,-0.0,0.0,0.04702284928461381,0.0,0.06994848100217255,0.052583081813446994,0.0,-0.0,-0.0,0.0,-0.012021367205610874,-0.0,0.0,0.3398248403746713,0.0,0.0,0.0,Louisiana
19,MA,0.0,-0.08595312841867526,-0.0,-0.0,0.09997861520114933,-0.0,0.0,-0.0,-0.0,-0.0,0.14384326779594533,-0.0,-0.0,-0.0,-0.0,-0.0,-0.0,-0.0,-0.16852100505262688,-0.0,-0.0,-0.0,-0.0,-0.0,-0.05949592725543847,-0.0,-0.0,-0.0,-0.0,-0.19467783255529872,-0.0,-0.0,-0.0,0.0,-0.0,-0.0,-0.0,-0.0,0.002960678441995459,0.0,0.0,-0.0,-0.0,-0.0,-0.0,-0.0,-0.0,-0.0,-0.0,-0.06544152883079891,-0.0,-0.0,-0.0,-0.0,-0.0,0.0,0.0,-0.39650241367354894,-0.0,-0.0,-0.0,-0.0,-0.0,-0.0,-0.0,-0.0,-0.0,-0.0,-0.0,-0.0,-0.0,-0.0,-0.0,-0.0,-0.0,-0.0,-0.0,-0.0,-0.0,-0.0,-0.0,-0.0,-0.0,-0.0,0.0,0.0,0.002934613345999762,-5.35726665850869e-16,0.0,-0.0,0.0,-0.0,-0.0,-0.0,0.0,0.3552335439986514,0.0,0.0,-0.0,0.0,-0.0,-0.0,0.17796831454824968,-0.0,0.0,0.0,-0.0,-0.0,-0.34691306126141563,-0.0,0.0,0.0,0.0,0.0,0.0,0.0,-0.0,-0.0,-0.0,0.0,0.1679501541975892,0.0,0.22222570123621765,-0.0,-0.0,0.0,0.0,0.0,-0.09575687628160746,-0.0,-0.007312489992833401,-0.0,-0.0,-0.0,0.0,0.0,-0.0,0.0,0.0,0.0,-0.0,0.0,0.0,0.0,Massachusetts
20,MD,-0.17218764160138278,-0.00445370326472698,-0.08101200423407644,0.0,0.0,-0.0,-0.1658511757597326,-0.05873456344052471,-0.0,-0.0,0.29045175252780736,-0.0,-0.0,-0.0,-0.0,-0.0,-0.0,-0.0,-0.0,-0.0,-0.0,-0.0,-0.0,-0.0,-0.0,-0.0,-0.0,-0.0,-0.0,-0.0,-0.0,-0.0,0.0,-0.0333018206188281,-0.0,-0.0,-0.0,0.0,0.0,-0.0,0.0,-0.0,-0.0,-0.0,-0.0,0.0,0.0,-0.0,-0.0,0.0,0.0,-0.0,-0.0,-0.10737238139043734,-0.0,-0.0,-0.004772272926569741,-0.0,0.12169932559853056,-0.0,-0.0,-0.0,-0.0,-0.0,-0.0,-0.0,-0.0,-0.0,-0.0,-0.0,-0.0,-0.0,-0.0,-0.0,-0.0,-0.0,-0.0,-0.0,-0.0,-0.0,0.0,0.0,-0.0,0.0,0.0,0.0,-0.0,-0.0,0.0,0.0,-0.0,-0.0,-0.0,-0.0,0.0,0.0933251337738147,0.14625948916820042,0.030313364944281326,-0.0,0.12543343576427446,-0.0,-0.0,0.0,-0.0,0.0,0.0,-0.0,0.0,-0.0,0.0,0.0,-0.0,-0.0,0.0,0.0,0.4027427644364631,-0.0,-0.0,-0.0,-0.0,0.0,-0.0,0.09427303015645824,-0.0,-0.05107495322943215,-0.11142375041725493,0.5534449849991713,-0.0,-0.26095798294220046,-0.0,-0.03890936842122899,-0.1228170022847066,0.0,0.10481296755992228,-0.0,-0.0,-0.0,0.0,0.0,0.0,0.0939625757722798,0.0,0.0,0.0,Maryland
21,ME,0.0,0.0,-0.0,-0.0,-0.0,-0.0,0.0,-0.0,-0.0,-0.0,0.25037105057139464,-0.0,-0.0,-0.0,-0.0,-0.0,-0.0,-0.0,-0.0,-0.0,-0.0,-0.0,-0.0,-0.0,0.0,-0.0,-0.0,-0.0,-0.0,-0.0,-0.0,-0.0,-0.0,0.16022635176970723,-0.11655417996742957,-0.0,-0.0,0.03813203150154237,0.09881863450854418,-0.0,0.0,-0.0,-0.0,-0.0,-0.0,-0.0,-0.0,-0.0,-0.0,-0.0,-0.0,-0.0,-0.0,-0.0,-0.0,0.29613320036277907,-0.0,-0.11421025892103318,0.0,-0.0,-0.0,-0.0,-0.0,-0.0,-0.0,-0.0,-0.0,-0.0,-0.0,-0.0,-0.0,-0.0,-0.0,-0.0,-0.0,-0.0,-0.0,-0.0,-0.0,-0.3733991719267141,-0.0,0.0,-0.0,-0.0,-0.0262618548131488,0.039015584403072505,-0.0,0.0,0.0,0.0,-0.0,0.0,-0.0,-0.0,0.0,0.596722531036442,0.19881321248974,0.0,-0.0,-0.04416773925347929,0.0,-0.0,0.0,-0.06188664336845476,-0.037647032728455425,-0.0,-0.0,-0.0,-0.0,0.1075220456976337,-0.05755929093606649,-0.0,0.0,-0.0,-0.0,0.14881676049214995,0.0,-0.0,0.0,0.012036621785455266,0.0,0.0,0.0,-0.0,0.0,0.0,0.0,0.0,0.0,-0.0,0.1024066880451918,-0.0,0.0,0.05555168801691493,0.0,0.0,0.0,-0.0,0.0,0.0,0.0,0.0,0.083660811181399,0.0,Maine
22,MI,-0.0,0.0,-0.0,-0.0,0.15886836790057018,-0.0,-0.09018800373261342,0.0,-0.0,-0.0,0.0,-0.0,-0.0,-0.0,-0.0,-0.0,-0.0,-0.0,-0.0,-0.0,-0.0,-0.06794080525311358,-0.011481230713629208,-0.0,-0.0,-0.0,-0.0,-0.0,-0.0,-0.0,-0.0,-0.0,0.0,-0.0,0.0,-0.0,-0.0,0.0,-0.0,0.0,0.2327996212956196,-0.0,-0.0,-0.0,-0.0,0.0,0.0,-0.0,-0.0,-0.0,-0.0,-0.0,0.0,-0.0,-0.0,0.04331831862215626,-0.0,-0.0,-0.0,0.0,-0.0,-0.0,-0.0,-0.0,-0.0,-0.0,-0.0,-0.0,-0.0,-0.0,-0.0,-0.0,-0.0,-0.0,-0.0,-0.0,0.0,-0.0,-0.0,-0.0,0.0,0.0,-0.0,-0.0,-0.0,-0.1629447212281701,-0.08297176949041582,0.02315557307796422,-0.11198088827760547,0.0,0.0,-0.0,-0.0,0.0,0.0,0.0,0.09489183996141022,-0.0,-0.054903527092273995,0.0,-0.0,-0.08129033979844276,0.0,0.0,0.0,0.0,-0.0,0.45730595485906894,0.0,0.0,-0.0,-0.0,0.0,-0.0,-0.11670186488470385,-0.0,0.04385749459494833,-0.0,-0.0,-0.0,0.08803482010074164,-0.06909760342142203,-0.0,-0.07475125705389715,-0.0,-0.03446084919799074,-0.0,0.0,0.035282301679580526,0.01175250023732006,0.0,0.18805437795246793,0.057656089883184596,-0.023527904228827584,-0.0,-0.0,0.0,-0.0,-0.0,0.0,0.33686691476182584,0.0,0.0,0.0,Michigan
23,MN,-0.3279883301675105,0.0,-0.0,-0.1428606425952925,0.013689799169270041,-0.0,0.0,-0.09813854198472248,-0.0,-0.0,0.14680112918587354,-0.0,-0.0,-0.0,-0.0,-0.0,-0.0,-0.0,-0.0,-0.23899122004560014,-0.0,-0.0,-0.0,-0.0,-0.0,-0.0,-0.0,-0.0,-0.0,-0.0,-0.0,-0.0,-0.01711371158670327,-0.02789591976742217,0.031518845881531074,-0.0,-0.0,-0.01055803829583419,-0.0,-0.03902712355680495,0.0,-0.0,-0.0,-0.0,-0.0,-0.0,-0.0,-0.0,-0.0,-0.0,-0.07646639326377089,-0.0,-0.0,0.0,-0.17601322664937402,-0.0,0.0,0.011870045795606616,0.017085369024445702,-0.0,-0.0,-0.0,-0.0,-0.0,-0.0,-0.0,-0.0,-0.0,-0.0,-0.0,-0.0,-0.0,-0.0,-0.0,-0.0,-0.0,-0.0,-0.0,-0.0,-0.0,0.0,-0.0,-0.0,-0.0,-0.0,-0.011003835212622196,-0.01859810642402372,0.10887684045865423,-0.03896740696765876,-0.0,0.1373627393228717,-0.03865062032315999,-0.0,-0.0,0.4770298747957726,0.0,0.19952335495219478,0.0,-0.0473856818887114,0.0,0.0,0.0,-0.0,-0.0,0.01582407245436718,0.006834442547957531,0.0,0.3231728496618428,-0.0,0.25232874785966136,-0.009316309495684004,-0.0,0.07273556960539536,-0.2126848875312569,0.0,0.0785639999167836,0.0,-0.0,0.0,0.23375110696435505,0.0,0.0,0.14337421137130027,-0.0,-0.0,-0.0,-0.0,0.0,-0.07119604728930455,0.011735619451425571,0.03828531318323289,0.04711857887834684,0.1067647746220394,-0.04823481908683279,0.0,-0.0,0.0,-0.0,0.0,0.23123305173021227,0.24053277544857432,0.13469281903927516,0.0,0.0,Minnesota
24,MO,-0.0,0.0,-0.0,-0.0,-0.0,-0.0,-0.0,0.0,-0.0,-0.0,0.035892001798223286,-0.0,-0.0,-0.016258666139069237,-0.0,-0.0,-0.0,-0.0,-0.0,-0.0,-0.0,-0.0,-0.19704811484746348,-0.0,-0.0,-0.0,-0.02079271348025383,-0.0,-0.0,-0.0,-0.0,-0.0,-0.1320700490992835,0.0006695336315426518,-0.0,-0.0,-0.0,-0.0,-0.0,-0.0,0.11257866450353947,-0.0,-0.0,-0.0,-0.0,-0.0,-0.0,-0.0,-0.0,-0.0,-0.033814598489750866,-0.0,-0.0,0.022167138179885002,0.0,0.1456443603302692,0.0,0.0,-0.0,-0.0,-0.0,-0.22449571007706284,-0.0,-0.0,-0.0,-0.0,-0.0,-0.0,-0.0,-0.0,-0.0,-0.0,-0.0,-0.0,-0.0,-0.0,-0.0,-0.0,-0.0,-0.0,-0.0,-0.0,-0.0,-0.0,0.0,-0.00016791059857592592,-0.10591235180795698,0.0,-0.23650349371714974,-0.0,0.06637344067188518,-0.0,-0.3636442946521449,-0.0,0.0,0.7708125738863123,0.07467905990458006,0.0,-0.010191344687696535,0.0,-0.0,0.009444463946889123,-0.0,0.020091144031321225,0.18235369371220003,0.0,-0.0,0.17137548759143956,-0.0,-0.0,-0.01977582035443814,-0.0,0.0,-0.0,-0.09761954629216317,-0.02835485806993478,0.0,-0.0,0.0,0.02881129172447846,0.018523083617248446,-0.0,0.0,-0.0,0.0,0.12944426272005233,-0.0,-0.015104646975128366,-0.0,0.055337336465150565,-0.0,0.09003167672893918,-0.0,-0.0006143750629986376,0.0,-0.0,-0.0,-0.0,-0.0,0.0,0.3259883396037204,0.0,0.0,0.0,Missouri
25,MS,0.0,0.0,-0.0,0.0,-0.0,-0.0,-0.0,0.0,-0.0,-0.0,0.0,-0.0,-0.0,-0.0,-0.0,-0.0,-0.0,-0.0,-0.0,-0.0,-0.0,-0.0,-0.0,-0.0,-0.0,-0.0,-0.0,-0.0,-0.0,-0.0072084471303986075,-0.0,-0.0,-0.0,-0.0,-0.027057185672662087,-0.013692168201645757,-0.0,-0.0,0.0,-0.0,0.004250200494164118,-0.0,-0.0,-0.0,-0.0,-0.0,-0.0,-0.0,-0.3015996416552428,-0.0,-0.09181521491031004,-0.0,-0.0,0.035896109666257205,-0.0,0.0,0.06324011970144656,-0.0,0.0,-0.0,-0.0,-0.0,-0.04428610169315929,-0.0,-0.0,-0.0,-0.08012534731711876,-0.0,-0.0,-0.0,-0.0,-0.0,-0.0,-0.0,-0.0,-0.0,-0.0,-0.0,-0.0,-0.0,-0.0,-0.0,-0.0,-0.0,-0.0,-0.04726852031806758,-0.04375698300011764,0.0,-0.20342936129914657,-0.0,0.0,-0.0,-0.10250564322829082,-0.0,0.0,0.9696388047317217,0.023098413906642218,-0.05724935245814749,-0.010883726484311955,0.0,-0.0,-0.0,0.0,0.0,0.0,0.044057750635502844,-0.0,0.0,-0.0,-0.05583984596970351,-0.0,-0.0,0.0,0.0,0.0636859118283965,0.0,-0.050327318854706135,-0.0,-0.0,0.0,0.0,-0.0737734169063925,0.0,-0.0,0.0,0.0,-0.0,-0.0,0.0,0.028338302705012402,0.024498515700586018,0.07526463931489795,0.055939119453741075,-0.0,0.0,-0.0,-0.0,-0.0,0.0,0.0,0.5562736273563258,0.0,0.0,0.0,Mississippi
26,MT,-0.0,0.009072273001464464,-0.0,0.06048530009086353,0.0010197358722842972,-0.0,0.0,-0.0,0.0,0.0,0.14841635957992874,-0.0,-0.0,-0.04115482994141637,-0.05491402922982727,-0.0,-0.0,-0.0,-0.0,-0.0,-0.0,-0.0,-0.0,-0.0,-0.0,-0.0,-0.0,-0.0,-0.0,-0.0,-0.0,-0.0,0.0,-0.0,0.07142366846544107,-0.0,-0.0,-0.0,-0.018017303971604826,0.0,-0.025052649061866397,-0.0,-0.0,-0.0,-0.0,-0.0,-0.0,-0.0,-0.0,-0.0,-0.0,0.0,-0.0,0.029090048021407112,0.0,-0.08750804566198592,-0.0,-0.12092827704890667,0.049466194810909754,0.0,-0.0,-0.0,-0.0,-0.0,-0.0,-0.0,-0.0,-0.0,-0.0,-0.0,-0.0,-0.0,-0.0,-0.0,0.0,0.0,0.0,-0.0,0.0,-0.0,0.0,-0.0,-0.0,-0.0,0.0,0.006101130450713341,-0.0,0.040135073234756756,-0.0,-0.0,0.3066962301391311,-0.0,0.0,0.0,0.0,0.36374585495563616,-0.0,-0.09904550646010607,0.0012756590628957875,0.0,-0.0,0.03450950292977672,-0.16833743088497652,-0.0,0.08326697428787766,0.0,-0.0,0.28418391300733775,0.0,-0.0420737056935953,-0.015242494297790342,-0.0,0.0,0.0,0.04680262065498861,0.043153008414837726,0.0007211940836082014,-0.0,-0.0,-0.0,0.09891975315553837,-0.0,-0.0,-0.0,-0.0,-0.0,-0.0,-0.03701572951835306,-0.0,0.015343751075228203,0.0,0.11434555782290233,-0.08476296984575821,-0.0,-0.0,-0.0,-0.0,-0.12195309330473922,0.0,0.0,0.21064938956089982,-0.0,0.0,0.0,Montana
27,NC,-0.0,0.0,-0.0,-0.1531233528460361,-0.0,-0.0,-0.0,-0.0,-0.09629446074592034,-0.0,0.12341837834880341,-0.0,-0.0,0.0,-0.0,-0.0,-0.0,-0.14354879511216065,-0.0,0.0,-0.0,-0.0,-0.0,-0.0,-0.0,-0.0,-0.0,-0.0,-0.0,-0.0,-0.0,-0.0,-0.00986967600517551,0.0,0.0,-0.0,-0.0,-0.028467819044803326,-0.0,-0.0,0.01630320591567734,-0.0,-0.0,-0.0,-0.09075147915973941,-0.0,-0.0,-0.0,-0.0,-0.0,-0.018059072527611023,-0.0,-0.019108157731089374,0.0,-0.0,0.021063897649625445,0.0,-0.0,0.0,-0.0,-0.0,-0.09525303910073628,-0.0,-0.0,-0.0,-0.0,-0.0,-0.0,-0.0,-0.0,-0.0,-0.0,-0.0,-0.0,-0.0,-0.0,-0.0,-0.0,-0.10714963544032025,-0.0,-0.0,-0.0,-0.0,-0.0,0.0,-0.0,-0.0,0.0,-0.15648159463960679,-0.0,0.1606394617934475,-0.0,-0.3739239476347888,-0.0,0.0,1.1864265919605488,0.04477330692458223,0.02592946529010621,0.018439154561861997,0.07524946477346688,-0.04254844272383205,0.0,-0.0,0.0,0.11525142135966764,0.0,-0.0,0.1874509404868379,0.0,0.0,-0.005600318871482763,0.0,0.0,0.0,-0.0,0.0,0.03262703075315187,0.0,-0.0,0.0,0.0,-0.0,0.0,0.0,0.0,0.0,-0.0,0.0,0.02342347383286864,-0.0,-0.0,0.0,0.092188693053017,0.040617059792213445,0.0,0.0,0.03298125199586845,-0.0,-0.0,0.0,0.3552425044226393,0.0,0.0,0.0,North Carolina
28,ND,-0.0,-0.011218313073578928,-0.0,-0.0,0.25173461529679253,-0.0,-0.0,0.0,-0.0,-0.0,0.0,-0.0,-0.0,-0.0,-0.0,-0.0,-0.0,-0.0,-0.0,-0.0,-0.0034032003589083617,-0.0,-0.0,-0.0,-0.0,-0.0,-0.0,-0.10825444781220332,-0.0,-0.0,-0.0,-0.0,-0.0,-0.0,-0.0,-0.19745894339200126,-0.0,-0.0,0.03963485970912609,-0.0,0.10329279561672662,-0.0,-0.0,-0.0,-0.0,-0.0,-0.008019352609606761,-0.0,-0.0,-0.0,-0.0,-0.0,-0.0,0.0755001223029906,0.07227056544325046,-0.0,-0.0,0.17361121176624073,-0.0,-0.0,-0.0,-0.0,-0.0,-0.0,-0.0,-0.0,-0.0,-0.0,-0.0,-0.0,-0.0,-0.0,-0.0,-0.0,-0.0,-0.0,-0.0,-0.0,-0.0,-0.0,0.040444118280608655,-0.0,-0.0,-0.0,-0.0,-0.03510699454515616,-0.03611450383159566,-0.0,-0.0,-0.0,0.08404498612667502,-0.0,-0.0,-0.0,0.0,0.0,0.07936134471398282,-0.0,-0.1343921363029346,0.0,0.0,-0.0,-0.0,0.12620406265052656,0.0,-0.0,-0.0,0.0432548125125313,-0.0,0.0,0.0956264195511653,0.0,0.0,0.0,0.05222560039150639,-0.038450616325736764,0.0,0.0,0.04622314427955393,-0.0,0.36238807992990396,0.0,-0.039083157374837973,0.0,-0.0,0.0,0.01585578120808737,0.04158338374205043,-0.0,0.07187493415017715,0.060465215777028715,-0.0,0.0990636300097402,0.04020282911872486,0.0,0.0,-0.0,0.0,0.0,0.0,0.0,0.0,0.10867434018164768,0.0,North Dakota
29,NE,-0.0,0.0,-0.0,0.0,-0.0,-0.0,0.0,0.0,-0.0,-0.0,0.07118105615031659,-0.0,-0.0,-0.0,-0.0,-0.022120893614577,-0.0,-0.0,-0.0,-0.0,-0.0,-0.0,-0.0,-0.0,-0.0,-0.0,-0.0,-0.0,-0.0,-0.0,-0.0,-0.0,-0.1469051202481105,-0.042552853221427364,0.04150864519154552,-0.0,-0.0,-0.0,-0.00205460883841132,-0.021153032043045784,0.32096067303124587,-0.0,-0.0,-0.0,-0.0,-0.0,-0.0,-0.0,-0.0,0.0,0.0,-0.0,-0.0,0.0,-0.0,0.08599745254968383,-0.14483415221920096,0.0,-0.30042852187392854,-0.0,-0.0,-0.0,-0.0,-0.0,-0.0,-0.0,-0.0,-0.0,-0.0,-0.0,-0.0,-0.0,-0.0,-0.0,-0.0,-0.0,-0.0,-0.0,-0.0,-0.0,0.09062315542873942,-0.0,-0.0,0.0,-0.0,0.010670421685469332,-0.0,0.16856638888822442,-0.15545479124350686,0.0,0.17653528723213072,-0.0,0.0,-0.0,0.0,0.0,0.028021279450454187,0.016793892688415694,-0.01987522801709106,0.0,0.0,0.2446618861560815,-0.12592238803689274,0.11656598748442437,0.18011469919472045,0.04100793289732176,-0.0,-0.0019244437807922946,0.0,0.0,-0.10576744573723555,-0.0,0.23404996598723926,0.0,0.044226789838371736,-0.0002762375475331346,0.025443130327593124,-0.0,0.0,0.20506386346635574,0.002238571286389054,-0.11048185762380813,0.015306795763635878,-0.0,-0.02294450371818327,-0.0,-0.0,-0.0,-0.0,0.011864304152548463,0.06566999295751376,0.09071086472031303,0.016534042641051398,0.1142526663688467,0.0,-0.0,0.1698263843027746,-0.0,0.0017844442899664593,0.0,0.0,0.03078330266507912,0.0,0.0,Nebraska
30,NH,-0.0,0.0,-0.0,-0.0,0.0,-0.0,0.0,-0.0,-0.0,-0.0,0.15154949387703961,0.0,0.0,0.0,0.0,-0.0,0.0,-0.0,0.0,0.0,-0.0,-0.0,0.0,0.0,-0.0,-0.0,-0.0,-0.0,-0.0,-0.0,-0.0,-0.0,0.0,0.0,-0.0,0.0,0.0,-0.396919933236943,-0.0,-0.03237728347623437,0.1747535295936237,-0.0,-0.0,-0.0,-0.0,-0.0,-0.0,-0.0,-0.0,-0.0,-0.0,-0.0,-0.0,0.0,0.0,0.0,0.0,0.0,-0.35715147552586923,-0.0,-0.0,-0.0,-0.0,-0.0,-0.0,-0.0,-0.0,-0.0,-0.0,-0.0,-0.0,-0.0,-0.0,-0.0,-0.0,-0.0,-0.0,-0.0,-0.0,-0.0,-0.0,-0.0,-0.0,-0.0,-0.0,-0.0,-0.21123355908780364,0.0,-0.004947553549739633,0.0,0.0,0.0,0.0,-0.0,0.0,0.0,0.0,0.18477357982984813,0.08205783090021462,-0.0,0.0,0.0,0.0,-0.0,-0.0,-0.0,0.0,0.0,0.048955286094364905,0.0,-0.0,-0.15913524112031718,-0.0,-0.0,-0.0,-0.0,0.0,0.0,0.0,0.0,0.0,0.0,0.0,0.0,0.0,0.0,0.0,0.0,0.0,-0.0,0.0,-0.0,0.0,0.055853968412165576,0.0,0.0,0.0,-0.0,-0.0,0.0,0.0,0.0,0.20887610922810354,0.0,New Hampshire
31,NJ,0.03301269449931725,-0.07228902181949846,0.0,-0.03812035077267349,-0.0,-0.0,0.0,-0.0,-0.0,-0.0,0.12709097779650957,0.0,0.0,-0.0,0.0,0.0,-0.0,-0.0,0.0,0.0,0.0,0.0,-0.0,-0.0,-0.0,0.0,0.0,0.0,0.0,0.0,-0.0,-0.0,-0.0,0.008399914559189698,0.0,-0.0,-0.0,-0.0,-0.0,-0.0,0.0,-0.0,-0.0,-0.0,-0.0,-0.0,-0.04611500513653409,0.0,0.0,-0.32469621430476897,-0.0,-0.0,-0.0,-0.0,-0.0,0.0,-0.0,-0.2556088712339412,-0.03248831362821062,-0.0,-0.0,-0.0,-0.0,-0.0,-0.0,-0.0,-0.0,-0.0,-0.0,-0.0,-0.0,-0.0,-0.0,-0.0,-0.0,-0.0,-0.0,-0.0,-0.0,-0.2947907511149108,-0.0,-0.0,0.0,-0.0,0.0,-0.0,0.0,-0.031468598383967344,0.0,0.0,0.0,-0.0,-0.06210632795336781,-0.0,0.0,0.5645318471880615,-0.008139164732529921,-0.0,0.0,-0.0,0.0,0.0,0.08406779485651292,-0.0,0.0,0.18298234753812073,-0.0,0.0,0.0,-0.0,-0.0,0.0,-0.0,-0.0,-0.0,0.0,0.055920313620220166,-0.0,-0.0,-0.04139350341911481,-0.0,-0.0,-0.0,-0.0,-0.0,-0.0,-0.021503268133129055,-0.0,-0.030717880304452903,0.0,-0.0,-0.0,-0.0,-0.0,-0.0,-0.0,0.0,0.0,-0.0,0.09002606047257392,0.0,0.0,0.0,0.0,New Jersey
32,NM,0.0,0.04124951393423268,-0.0,-0.0,0.0,0.0,-0.0,0.0,0.0,0.0,0.0,-0.0,-0.0,0.0,-0.0,-0.0,-0.0,-0.0,-0.0,0.0,-0.0,-0.0,-0.0,-0.0,0.0,-0.0,-0.0,-0.0,0.0,0.0,-0.0,-0.0,-0.012631143328099718,0.0,-0.007187558184115027,-0.0,-0.0,-0.0,0.0,0.0,-0.0,0.0,0.0,-0.0,-0.0,0.0,-0.0,-0.0,-0.0,-0.0,-0.0,0.0,0.0,0.5439481183499507,-0.0,-0.01658074724419121,0.0,-0.0,-0.0,0.0,-0.0,-0.0,-0.0,-0.0,0.0,0.0,0.0,0.0,0.0,0.0,0.0,0.0,0.0,0.0,0.0,0.0,0.0,-0.0,-0.0,-0.0,0.0,-0.0,-0.0,-0.0,0.020386682044776172,-0.02076515662233731,0.0,0.0,-0.008614254561451035,-0.0,0.03557728158460512,-0.0,-0.0,0.0,0.0,0.1263628222355832,-0.0,-0.0,-0.024971868514004236,0.0,-0.0,-0.16861056361006835,-0.0,0.17604788532405066,0.039737380085890596,0.29730335743042263,0.0,0.16539473303027805,-0.0,-0.10510489446653008,0.0,0.0,0.0,0.0,0.0,0.12034045355744977,-0.15633182412808214,0.0,-0.0,-0.0,0.0,0.0,0.05622929210332222,0.0,-0.08172118395284013,-0.0,0.0,-0.008563303028909817,0.058477887870852625,-0.03785308498546511,-0.0,-0.0,0.09223605916068775,-0.022321748706227263,0.0,-0.0,-0.0,0.0,0.0,0.0,0.13106081683146806,0.0,0.0,-0.04682157380465019,New Mexico
33,NV,-0.0,0.061197956576035675,-0.0,-0.0,-0.0,-0.0,-0.0,-0.0,-0.0,-0.0,0.16394118358145018,-0.0,-0.0,-0.0,-0.0,-0.0,-0.0,-0.0,-0.0,-0.0,-0.0,-0.0,-0.0,-0.0,-0.0,-0.0,-0.0,-0.0,-0.0,-0.0,-0.0,-0.0,-0.0,-0.0,-0.036292573926547576,-0.0,-0.0,-0.0,-0.0,-0.0,0.04858942464790847,-0.0,-0.0,-0.0,-0.0,-0.0,-0.0,-0.0,-0.0,-0.0,-0.0,-0.0,-0.0,0.0,-0.0,0.0,0.0,-0.0,-0.1109152038160771,-0.0,-0.0,-0.0,-0.0,-0.0,-0.0,-0.0,-0.0,-0.0,-0.0,-0.0,-0.0,-0.0,-0.0,-0.0,-0.0,-0.0,-0.0,-0.0,-0.0,-0.0,0.0,-0.0,-0.0,-0.0,0.0,0.17176662566336404,-0.0870338271611741,2.7218370926294146e-16,-0.23460988917543368,0.0,0.0,-0.0,-0.0,-0.0,-0.0,-0.0,-0.0,0.0,0.0,0.007809971922918403,-0.0,-0.0,-0.0,-0.0,0.17608087150540425,0.36426689512905885,0.0,0.0,-0.0,-0.0,-0.09764567495811428,0.0,0.0,0.0,0.0,0.0,-0.0,-0.0,-0.0,0.0,0.0,0.0,0.0,0.0,0.0,0.0,0.0,-0.0,-0.0,-0.0,0.24134436267569212,-0.03229517816436449,-0.008041974770648509,-0.0,0.0,0.0,-0.0,-0.0,0.0,0.0,0.19482238960260923,0.0,0.0,0.0,Nevada
34,NY,-0.05975934539099686,0.0,-0.0,-0.037064926898991477,-0.0,-0.0,-0.0,0.0,0.0,-0.0,0.212550813086483,-0.0,-0.0,-0.0,-0.0,-0.0,-0.0,-0.0,-0.0,-0.0,-0.0,-0.0,-0.23869753320395895,-0.0,-0.0,0.0,-0.0,-0.0,-0.0,-0.0,-0.0,-0.0,-0.024249189998445397,-0.0,-0.0,-0.0,-0.0,0.0,-0.03887919556759295,-0.03741662640078784,0.0,-0.0,-0.0,-0.0,-0.0,-0.0,-0.09218479873979457,-0.0,-0.0,-0.0,-0.3386545942603023,-0.0,-0.0,-0.0,-0.03970828552233601,0.10567403598878748,-0.0,-0.0,0.0,-0.0,-0.0,-0.0,-0.0,-0.0,-0.0,-0.0,-0.0,-0.0,-0.0,-0.0,-0.0,-0.0,-0.0,-0.0,-0.0,-0.0,-0.0,-0.0,-0.0,-0.0,0.0,-0.0,-0.0,-0.0,0.0,-0.02690698653834826,0.05412892418124055,-0.0,-0.45865338786124993,0.0,0.0,-0.0,-0.010328906353501756,-0.0,0.0,0.400711949684685,0.09111442495589808,-0.04081794503913922,-0.0,0.0,-0.0,-0.0,0.024039144463115756,0.0,0.22267064212034104,0.0,-0.0,0.06929998292061446,-0.07863288511525743,0.0,0.0,0.0,-0.0,-0.0,-0.010610030435255909,-0.0,0.0,-0.0,0.0,-0.0,0.14557358408733356,0.0,-0.013306770092477965,-0.0,0.0,0.0,0.0,0.0,-0.0,0.0,0.10898596488621638,0.011988093778956942,0.0,0.0,-0.0,0.0,-0.0,0.0,-0.0,0.0,0.13868203927367564,0.05621689427386888,-0.026325990298891926,-1.2733740784231189e-17,New York
35,OH,-0.0,0.0,-0.11528676382748447,-0.0,-0.03467759748154905,-0.0,-0.0,-0.008841061321066193,-0.0,-0.0,0.11975242298608363,-0.0,-0.0,-0.0,-0.0,-0.0,-0.0,-0.0,-0.0,-0.17705127826469041,-0.0,-0.0,-0.0,-0.0,-0.0,-0.0,-0.0,-0.0,-0.0,-0.0,-0.0,-0.0,-0.0,-0.0,-0.0,-0.0,-0.0,-0.0,-0.0,-0.014108727461667544,0.06629486314580732,-0.0,-0.0,0.0,0.0,-0.0,-0.0,-0.0,-0.0,-0.0,-0.0,-0.0,-0.0,0.0,-0.0,0.0,-0.0,0.0,-0.09812091159828622,-0.0,-0.0,-0.0,-0.0,-0.0,-0.0,-0.0,-0.0,-0.0,-0.0,-0.0,-0.0,-0.0,-0.0,-0.0,-0.0,-0.0,-0.0,-0.0,-0.0,-0.0,-0.0,-0.0,-0.0,-0.0,-0.0,0.03169906439119264,-0.0411033896711378,0.045616062822852674,-0.18883096959644374,0.0,0.0,-0.0,-0.0,-0.0,0.0,0.16414983521639828,0.02637301768024891,0.0,-0.004913288015614125,0.0,-0.04101047990896981,0.0,-0.0,-0.0,0.0,0.0,-0.0,0.41812289287206855,0.02147695025791345,0.0,-0.0,0.0,-0.0,-0.0,-0.15801837889613315,0.07561242029265072,0.19697437207605167,-0.0,-0.0,0.0,0.0,0.0,-0.0,-0.0,0.0,0.0,0.0,0.0408704636831611,0.17145225316508525,0.041421140978127845,-0.0,0.0,0.0,0.0328778552612943,-0.0,0.0,0.019201087527622413,-0.0,-0.015516127765794472,0.0,0.07108419819721551,-0.0,0.0,0.0,Ohio
36,OK,-0.12203488755397375,-0.0,-0.0,-0.0,-0.0,-0.0,-0.0,-0.0,-0.0,-0.0,0.06932514541307745,-0.0,-0.0,-0.0,-0.0,-0.0,-0.0,-0.0,-0.0,-0.0,-0.0,-0.0,-0.0,-0.0,-0.0,-0.0,-0.0,-0.0,-0.0,-0.0,-0.0,-0.0,-0.11735728898766609,-0.07958013825463757,0.0,-0.0,-0.0,-0.0,-0.0,-0.0380636982510137,0.155110632321189,-0.0,-0.0,-0.0,-0.0,-0.0,-0.0,-0.0,-0.0,-0.0,-0.0,0.0,-0.0,0.1723289860300797,0.0,0.0,0.0,-0.0,-0.01739510750302949,-0.0,-0.0,-0.0,-0.0,-0.0,-0.0,-0.0,-0.0,-0.0,-0.0,-0.0,-0.0,-0.0,-0.0,-0.0,-0.0,-0.0,-0.0,-0.0,-0.0,-0.0,-0.029131748545161387,-0.0,-0.0,-0.0,0.0,-0.06480962169640922,-0.0738942754737165,0.0,-0.0,-0.0,0.11955733447969881,-0.0,-0.0,-0.0,0.0,0.18278645770588095,0.02794214822869151,0.013986113928369008,-0.0,0.13066191960689277,-0.001494954574076324,0.0,-0.0,0.0678347780393408,0.05367600532750704,0.09823869555653901,-0.0,0.3806540423129473,-0.0,0.0,-0.01290381235471756,-0.0,-0.0,-0.008876369684098264,-0.14237929869842897,-0.0,0.07014612487250442,0.0,0.0,0.0,-0.0,-0.0467027496433151,-0.03822197219655671,0.0359312727612949,0.0,-0.0,0.0,0.041424265795731594,0.0032416335048574734,0.07267279083237851,0.0382357062525049,0.05498519163699744,0.0984518467306348,0.04777947272396591,0.0,0.0,-0.0,-0.08211375621349269,-0.0,0.0,0.24500414741106608,0.0,0.0,0.0,Oklahoma
37,OR,-0.0,0.0,-0.0,0.0,-0.0,-0.0,-0.0,-0.0,0.0,0.0,0.0,-0.0,-0.0,-0.0,-0.0,-0.0,-0.0,-0.0,-0.0,-0.0,-0.0,-0.0,-0.0,-0.0,-0.0,0.0,0.0,-0.0,0.0,-0.0,-0.0,-0.0,-0.0043828125246667725,-0.0,0.0,-0.0,-0.0,-0.0,-0.0,-0.0431550218842345,0.008785689846307681,-0.0,-0.0,0.0,0.0,-0.0,-0.0,-0.0,-0.0,-0.0,-0.0,0.0,0.0,0.02349109321687659,0.0,-0.0,-0.0,-0.0,0.005337222885284165,-0.0,-0.0,-0.0,-0.0,-0.0,-0.0,-0.0,-0.0,-0.0,0.0,0.0,0.0,0.0,0.0,0.0,0.0,0.0,0.0,0.0,0.0,0.0,0.0,-0.0,-0.0,-0.0,0.018848859974300792,0.0,-0.0,0.0,-0.5546673786720417,-0.0,0.0,-0.0,-0.0,0.0,0.0,0.0,0.020485133978284942,0.0,0.0,0.0,-0.0,-0.0,-0.01816324477004734,-0.0,-0.0,0.1509552375183311,-0.0,0.34219714062227125,-0.0,0.0,0.0,0.0,-0.0,-0.0,0.17047195193186637,-0.10287255712230309,-0.0,-0.05156750658209969,-0.011062831941363245,-0.0,0.02559379027697549,0.10295909173151918,0.0,-0.0,-0.0,-0.0,0.0,-0.0,0.005598097658791188,0.0,0.007643733366520727,0.12575444632053698,0.07974182421519527,0.07421733892061537,-0.0,-0.0,-0.0,0.18918136523653176,-0.0,0.0,0.19814728496160264,-0.0,0.04453207296688061,0.0,Oregon
38,PA,-0.03430778834745737,0.0,-0.0,0.0,0.0,-0.0,0.0,-0.0,-0.0,-0.0,0.18854236042430125,-0.0,-0.0,-0.0,-0.0,-0.0,-0.0,-0.0,-0.0,-0.0,-0.0,-0.0,-0.0,-0.0,-0.0,-0.0,-0.0,-0.0,-0.0,-0.0,-0.0,-0.0,-0.0,-0.03881914140963392,0.0,-0.0,-0.0,-0.09225513210917877,-0.0,-0.0,0.19016982141375705,-0.0,-0.0,-0.0,-0.0,-0.0,-0.0,-0.0,-0.0,-0.31221109750564446,-0.0,-0.0,-0.0,0.0,0.0,0.06879810289185498,-0.0,0.0,-0.0,-0.0,-0.0,-0.0,-0.0,-0.0,-0.0,-0.0,-0.0,-0.0,-0.0,-0.0,-0.0,-0.0,-0.0,-0.0,-0.0,-0.0,-0.0,-0.0,-0.0,-0.0,0.0,-0.0,-0.0,-0.0,0.017303890495464998,-0.0,-0.028720827324241822,0.08739230311853984,-0.2534659172190651,0.20480010393265397,-0.0,-0.022166624883619382,-0.023768820059341254,-0.0,0.0,0.29962402554976764,-0.0,-0.0,-0.06640247543212947,-0.0,0.0,0.0,0.003941485600116157,-0.0,0.33583729629085124,-0.0,-0.0,0.2550300844088632,-0.0,0.0059907500253951525,0.0,0.006225501511419068,-0.047120883349653614,-0.10167617596577709,0.032308788496575536,0.0,-0.0,-0.07052862765733844,-0.0,-0.0,-0.0,0.0,-0.0,-0.0,-0.0,-0.0,-0.0,-0.0,0.0,0.08073325817548611,-0.021891739844263222,0.0,-0.029320472798152055,0.04556656213072578,-0.0,-0.0,-0.0,0.0,-0.0,0.0,0.0,0.0,0.0,0.0,Pennsylvania
39,RI,0.0,-0.0,-0.0,-0.0,0.0,-0.0,-0.0,-0.0,0.0,0.0,0.2791447598114182,-0.0,-0.0,-0.0,-0.0,-0.0,-0.0,-0.0,-0.0,-0.0,-0.0,-0.0,-0.0,-0.0,-0.0,0.0,0.0,0.0,-0.0,-0.0,-0.0,0.0,-0.0,-0.0,0.0,-0.0,-0.0,-0.0,-0.0,-0.0,0.0,-0.0,-0.0,0.0,0.0,-0.0,-0.0,-0.0,-0.0,-0.0,-0.0,0.0,0.0,0.0,0.0,0.0,0.0,-0.0,0.0,-0.0,-0.0,-0.0,-0.0,-0.0,-0.0,-0.0,0.0,0.0,0.0,0.0,0.0,0.0,0.0,0.0,0.0,0.0,0.0,0.0,-0.0,0.0,0.0,-0.0,-0.0,-0.0,-0.017345346781139397,0.0,0.0,-0.10804562905845917,0.0,0.0,0.0,-0.0,-0.0,0.0,0.0,0.0,0.0,0.0,0.0,0.0,-0.0,0.0,-0.0,-0.0,0.0,-0.0,-0.0,0.0,0.0,0.2053738940873847,0.2070169933823787,0.0,-0.0,-0.0,-0.0,-0.0,0.0,-0.0,-0.0,-0.0,-0.0,-0.07272664485933812,-0.32561212367648545,-0.0,-0.0,-0.13157814696968384,-0.0,-0.0,-0.0,0.016511012059855317,0.10447996916617229,0.0,-0.0,-0.0,-0.0,-0.0,0.0,0.0,-0.0,0.0,0.2300922551935052,0.12705931265947115,-0.037905552065966824,0.0,Rhode Island
40,SC,0.02915781018096169,0.0,-0.0,-0.0038667733236660727,-0.0,-0.0,-0.0,-0.0,-0.0,-0.0,0.0734119731509282,-0.0,-0.0,-0.0,-0.0,-0.0,-0.0,-0.0,-0.0,-0.0,-0.12521847814113835,-0.0,-0.0,-0.0,-0.006721997229025206,-0.0,-0.0,-0.0,-0.050212179828035025,-0.0,-0.0,-0.0,-0.0,-0.0,-0.0,-0.0,-0.0,-0.0,-0.0,-0.0,0.046601483853312614,-0.0,-0.0,-0.0,-0.0,-0.0,-0.0,-0.0,-0.1759998890722878,-0.02054120255089601,-0.0,-0.0,-0.0,0.0,-0.0,0.15259205047186242,0.0,-0.0,0.00019778008967897076,-0.0,-0.0,-0.0,-0.0,-0.0,-0.0,-0.0,-0.0,-0.0,-0.0,-0.0,-0.0,-0.0,-0.0,-0.0,-0.0,-0.0,-0.0,-0.0,-0.0,-0.0,-0.0004531935564474634,-0.0,-0.0,-0.04524048866801389,0.0,-0.006810228805483286,-0.018996841734744203,0.0018356442552222483,-0.0,-0.0,0.0647308475207903,-0.0,-0.41141699822665256,-0.0,0.0,0.8990188698023742,0.027899284626463884,0.0,-0.27808411341275324,0.0,-0.15292430584205124,-0.0,0.06627717702784923,-0.0,0.0019412181000785188,0.13190333780978644,-0.0,0.0,0.0,0.13931450421421918,-0.0,-0.0,-0.0,-0.0,-0.12224235476823435,0.0,0.15566525596784705,-0.0,0.0,0.03754791854576999,0.0,0.08048238512993652,-0.0,-0.010705533362553823,-0.0,0.0,0.0,0.0,-0.0,0.0,0.0,-0.030518199313518162,-0.0,0.0,0.0,-0.0,0.0,-0.0,-0.0,0.0,0.42647111851161573,0.0,0.0,0.0,South Carolina
41,SD,-0.0,-0.0,-0.0,-0.0,0.03815777362782346,-0.0,-0.06675243112747781,-0.0263510990186712,-0.0,-0.0,-0.0,-0.0,-0.0,-0.0,-0.0,-0.0,-0.0,-0.0,-0.0,-0.0,-0.0,-0.0,-0.0,-0.0,-0.0,0.0,-0.0,-0.0,-0.0,-0.0,-0.0,-0.0,-0.0,-0.0,0.020815751369830923,-0.0,-0.0,-0.0012053801344526678,-0.0,0.0,0.08959533912861449,-0.0,-0.0,-0.0,-0.0,-0.0,-0.0,0.0,-0.0,-0.0,-0.0,-0.0,-0.0,0.20088773939487012,0.008906947492952774,0.06998183746209796,0.06761182471391516,0.14535923979745952,-0.0,-0.0,0.0,0.0,-0.0,-0.0,-0.0,-0.0,-0.0,-0.0,-0.0,-0.0,-0.0,-0.0,-0.0,-0.0,-0.0,-0.0,-0.0,-0.0,-0.0,-0.0,0.0,-0.0,-0.0,-0.0,0.0,-0.0,-0.09833876773737017,0.0,-0.1527056399792312,0.0,0.1359350219190023,-0.0,-0.0,-0.0,0.03259110285897927,0.23490909248616812,-0.06493721214412156,0.26586654768748547,0.01912156750997594,-0.0,-0.0,0.02148816354466517,0.0,0.06853099215791002,-0.0,-0.20083929366531436,0.0,0.29738573458537176,-0.0,-0.0,-0.0,0.3676279043210316,-0.07059069373342348,0.0,0.016577837275526898,-0.056301087733006794,0.0,-0.0,-0.05278691739696112,0.05038652528381851,0.1219844274785537,-0.0,-0.006765325573499152,-0.02867431357763387,-0.0,0.0,0.0,0.08055009375104003,0.0,0.03199697578671272,0.12814962262661853,0.06619018894635459,-0.0,-0.038117791081497134,-0.0,-0.0,-0.0,0.0,-0.0,0.0,0.4553034547564472,0.02040814705943861,0.0,0.0,South Dakota
42,TN,-0.0015729345173201262,-0.0,-0.0,0.0,-0.0,-0.0,-0.0,0.0,-0.0,-0.0,0.017546830856805955,-0.0,-0.0,-0.0549910469834601,-0.0,-0.0,-0.0,-0.0,-0.0,-0.0,-0.0,-0.0,-0.0,-0.0,-0.0,-0.0,-0.0,-0.0,-0.0,-0.0,-0.0,-0.0,-0.0,-0.0,-0.0,-0.0,-0.0,-0.0,-0.0,-0.0,0.09369783599556156,-0.0,-0.0,-0.0,-0.0,-0.0,-0.0,-0.0,-0.0,-0.0,-0.0,-0.0,-0.0,0.0,-0.0,0.0,0.05049759213913363,-0.0,0.0,-0.0,-0.0,-0.0,-0.0,-0.0,-0.0,-0.0,-0.0,-0.0,-0.0,-0.0,-0.0,-0.0,-0.0,-0.0,-0.0,-0.0,-0.0,-0.0,-0.0,-0.0,-0.0,-0.0,-0.0,-0.0,-0.0,-0.025434630623856983,-0.13772903342227277,-0.0,-0.152174411575283,0.0,0.0,-0.0,-0.29110513506983765,-0.0,0.0,0.35876669338909545,0.0,0.010746580492859809,-0.007943596143935285,0.0,-0.14820374984884638,-0.0,0.0002781828873777003,0.020871278882674905,0.08442376729192123,0.0,-0.0,0.17657526627388098,-0.0,-0.0,-0.0,-0.0,-0.0,-0.0,0.0,-0.079687886251859,0.0,-0.0,0.0,0.0,0.0641362148964683,0.032516127408278854,0.0019312105839131217,-0.0,-0.0,0.0,0.0,0.0,-0.042765688382306107,-0.0,0.0,0.0,0.027888832056921668,0.0349589583347136,0.0,0.0,-0.0,-0.07348531847820809,-0.0,0.0,0.5062916528835819,0.0650588198536832,0.0,-0.008319952551875004,Tennessee
43,TX,-0.0,-0.0,-0.0,-0.0,-0.0,-0.0,-0.05470678535039543,-0.30972184378130435,0.0,-0.0,0.08751350673584954,-0.0,-0.0,-0.0,-0.0,-0.0,-0.0,-0.0,-0.0,-0.0,-0.0,-0.0,-0.0,-0.0,-0.0,-0.0,-0.01632865442608647,-0.0,-0.0,-0.0,-0.0,-0.0,-0.0,0.0006083741245404249,0.0,-0.0,-0.0,-0.0,0.0,-0.06665973919171594,0.03958417427724397,-0.0,-0.0,-0.0,-0.0,-0.0,-0.0,-0.02540025467204674,-0.0,-0.0,-0.04977960951659098,-0.0,0.0,0.052513713977258854,0.0,-0.0,-0.0,-0.12559051558586606,0.07267977467635006,-0.0,-0.0,-0.0,-0.0,-0.0,-0.0,-0.0,-0.0,-0.0,-0.0,-0.0,-0.0,-0.0,-0.0,-0.0,-0.0,-0.0,-0.0,-0.0,-0.0,-0.0,-0.0,-0.0,-0.0,-0.0,0.0,-0.0,-0.12171666525249702,0.0,-0.20115782781622707,-0.0,0.0,-0.0,-0.0,0.0,0.0,0.12085675835399977,0.05256806280720399,0.1182370988486195,-0.0,0.0,-0.0,0.0,0.0,-0.0,0.0,0.11123386806234682,-0.0,0.1549305192393994,0.0,-0.051435619305310036,-0.05658070641207187,-0.0,-0.0,-0.06619952945902925,-0.0,-0.0,0.012869363091976924,-0.0,0.0,0.05630119771318953,0.13822494768477991,-0.044690109566272514,-0.025563573067198322,-0.0,-0.0,0.0,0.0,0.0,-0.02935779492456278,0.13911598211694975,0.07107843625480577,0.15017381114169412,0.08123361953942501,-0.018837721082702902,0.0,0.0,-0.0,-0.09087051988688334,-0.0,0.0,0.4089495073865969,0.0,0.0,0.0,Texas
44,UT,0.0,0.0,0.0,-0.0,-0.0,0.0,-0.05216149361576541,0.0,-0.0,-0.0,0.0,0.0,0.0,0.0,0.0,0.0,0.0,-0.0,-0.0,0.0,0.0,0.0,0.0,-0.0,-0.0,0.0,-0.0,-0.0,-0.0,0.0,0.0,-0.0,0.0,0.0,0.0,0.0,0.0,0.0,0.0,0.0,0.006763387276240728,0.0,0.0,0.0,0.0,-0.0,-0.0,0.0,0.0,-0.0,-0.0,-0.0,-0.0,0.0,-0.0,0.0,-0.14118874208897061,-0.0,-0.0,-0.0,0.0,0.0,0.0,0.0,0.0,0.0,0.0,0.0,-0.0,-0.0,-0.0,-0.0,-0.0,-0.0,-0.0,-0.0,-0.0,-0.0,-0.0,-0.0,0.0,-0.0,0.0,-0.0,0.0,0.0,-0.0,0.0,-0.0,-0.0,0.12970394877423874,0.0,-0.0,-0.0,0.0,0.0,0.0,-0.07170377059102126,-0.09284112703691942,0.06673217284896897,-0.0,-0.0,-0.0,0.296901993539895,0.21647910909010476,0.16771581079929432,-0.0,0.10245658743367944,-0.0,-0.016309044354907647,0.0,0.020153883155976226,0.0,-0.0,0.0,0.15362715329784102,0.0,0.0,-0.038014856872882336,0.0,0.0,-0.0,-0.0,0.0,-0.0,0.0,0.0,-0.0,0.0,0.03018495473739927,-0.019727639832154045,0.0,0.025384602137242168,-0.0,-0.0,0.0,-0.06453637218167199,0.0,0.0,0.0,0.3295493332036839,0.0,0.0,0.0,Utah
45,VA,-0.0,0.0,-0.0,-0.0,0.0,-0.0,-0.0,-0.0,-0.0,-0.0,0.0889681532344551,-0.0,-0.0,-0.019938590634805173,-0.0,-0.0,-0.09925324211293426,-0.0,-0.0,-0.0,-0.0,-0.0,-0.0,-0.0,-0.0,-0.0,-0.0,-0.0,-0.0,-0.000356983359167203,-0.0,-0.0,-0.0,-0.0,-0.0,-0.0,-0.0,-0.0,-0.0,0.005799068323470037,-0.0,-0.0,-0.0,-0.0,-0.0,-0.0,-0.14686470800389273,-0.0,-0.0,-0.0,-0.0,-0.0,-0.0,-0.0,-0.002497082664495602,0.04123922475584213,-0.0,-0.0,0.0,-0.0,-0.0,-0.0,-0.0,-0.0,-0.0,-0.0,-0.0,-0.0,-0.0,-0.0,-0.0,-0.0,-0.0,-0.0,-0.0,-0.0,-0.002997878837558636,-0.0,-0.0,-0.0,-0.0,-0.0,-0.0,-0.0,0.0,-0.1157015506487479,-0.02300480125670065,0.0,-0.08890620307239028,-0.0,0.0,0.0,-0.0,-0.0,0.0,0.2982471171400125,0.0,0.0,-0.0,0.0820320031724311,-0.0,-0.0,-0.0,-0.0,0.07645911676450713,0.0,0.0,0.18453300969008013,0.0,0.0,-0.0,-0.06363185503756125,-0.0,0.0,0.04418441242390085,-0.0,0.0,-0.0,-0.0,0.0,-0.0,-0.0,0.0,-0.0,-0.0,0.0,0.0,-0.0,0.0,0.003742068677171116,0.0,0.06634015037709864,0.08972412539701115,0.055051596063892275,-0.0,-0.0,0.0,-0.0,-0.0,0.0,0.5217783954222339,0.0,0.0,0.0,Virginia
46,VT,-0.0,-0.0,-0.0,0.1376777006480399,0.03488747159338253,-0.0,-0.0,0.0,-0.0,-0.0,0.031501233926737586,-0.0,-0.0,-0.0,-0.0,-0.0,-0.0,-0.0,-0.0,-0.0,-0.17030658951960725,-0.0,-0.0,-0.0,-0.0,-0.0,-0.0,-0.0,-0.0,-0.0,-0.0,-0.0,0.0,-0.0,-0.0,-0.0,-0.0,0.2154036393409349,0.0,-0.0,0.0,-0.0,-0.0,-0.0,-0.0,-0.0,-0.0,-0.0,-0.0,-0.0,-0.0,-0.0,-0.0,0.0,0.0,0.0,-0.0,0.0,0.0,0.0,-0.0,-0.0,-0.0,-0.0,-0.0,-0.0,-0.0,-0.0,-0.0,-0.0,-0.0,-0.0,-0.0,-0.0,-0.0,-0.0,-0.0,-0.0,-0.0,-0.0,-0.0,-0.0,-0.0,-0.0,0.0,0.0,-0.0,0.0,-0.0,-0.0,0.0,-0.0,-0.0,-0.0,0.0,0.4306009037615893,0.0,0.0,-0.042611169342503745,0.0,0.0,-0.0,0.0,0.036718902202407575,-0.12096486915244675,0.0,-0.0,0.0,0.3691216680341459,0.0,-0.0,-0.0,-0.0,0.0,0.18730561456094447,-0.0,0.0,-0.35786116713325977,-0.0,-0.0,0.0,0.0,-0.0,-0.0,-0.09603887745879515,-0.011735587466316623,0.0,0.07917647779381422,0.020246433505736693,-0.0,0.0,0.0,0.050406572894307194,0.08866710158531495,-0.0,-0.0,0.0,-0.18918735836244147,-0.0,0.0,0.0,0.0,0.0,0.0,Vermont
47,WA,-0.0,-0.008073553933722718,-0.0,0.0,-0.0634006687795628,-0.0,-0.0,-0.12426949389357152,0.0,0.0,0.12432913226533214,-0.0,-0.0,-0.041086747613606776,-0.0,-0.0,-0.0,-0.0,-0.0,-0.0,-0.0,-0.0,-0.0,-0.0,-0.0,-0.0,-0.0,-0.0,-0.0,-0.0,-0.0,-0.0,-0.0,0.0,0.13216214526097153,-0.0,-0.0,-0.0,0.01369818687522137,-0.0,0.0,-0.0,-0.0,0.0,0.0,-0.0,-0.0,-0.0,-0.0,-0.0,-0.0,0.0,0.0,-0.06502519449305001,-0.021668117675904222,0.002889293486743265,-0.0,-0.09429933893391533,0.0,0.0,-0.0,-0.0,-0.0,-0.0,-0.0,-0.0,-0.0,-0.0,-0.0,-0.0,-0.0,-0.0,-0.0,-0.0,-0.0,-0.0,-0.0,-0.0,-0.0,-0.0,-0.0,-0.0,-0.0,-0.0,0.0,0.0,0.0,-0.0,0.0,0.0,-0.0,-0.0,0.0,0.0,0.0,0.00165054106762299,0.04600046208057456,0.09549613265867353,-0.07168101216945535,0.027461510642278867,-0.023603350984861077,-0.0,-0.0,-0.0,-0.0,0.38777619932909413,-0.0,0.08633420770489808,-0.0,-0.0,0.0,-0.3218476685522453,-0.0,0.0,0.0,0.0,-0.05322523980610463,-0.0005696002976381964,-0.006185388301372007,-0.0,-0.0,-0.0,0.0,-0.0,0.0,-0.0,0.07745584106870919,0.09389475680056776,0.19114034906614644,0.042085970725245905,0.0,-0.05811723522319498,-0.0,-0.002485618084584554,-0.0,0.0,-0.0,-0.0,-0.0,0.04494333908844416,0.37000684684609836,0.0,0.027207035677134242,0.0,Washington
48,WI,-0.0,-0.0,-0.0,-0.0,-0.0,-0.0,0.0,0.0,0.0,0.0,0.060235333801291306,-0.0,-0.0,-0.0,-0.0,-0.0,-0.0,-0.0,-0.0,-0.0,-0.0,-0.0,-0.0,-0.0,-0.0,-0.0,-0.0,-0.0,0.0,0.0,-0.0,-0.0,-0.18175619520311462,-0.054389258904999425,0.06031430825352564,-0.0,-0.0,-0.0,-0.0,-0.1262410655317654,0.00038647695908460537,-0.0,-0.0,-0.0,0.0,-0.0,-0.0,-0.0,-0.0,-0.0,-0.0,0.0,0.0,0.04812621789897938,-0.0,0.09728296259310049,-0.0,-0.024972472766053754,-0.0,-0.0,-0.0,-0.0,-0.0,-0.0,-0.0,-0.0,-0.0,-0.0,0.0,-0.0,-0.0,-0.0,0.0,0.0,0.0,0.0,0.0,0.0,-0.0,-0.0,0.0,-0.0,-0.0,-0.0,0.0,0.03221313363039089,-0.006807282355426933,-0.0,-0.4330945078909959,0.0,-0.0,-0.0,-0.0,0.0,0.16180369873516387,0.22386630900912913,0.12544501483047366,0.017730576213992537,-0.04023370024171185,-0.0,0.0,-0.00688101646854994,0.020373646574986224,0.03062071089795531,0.03297368376507821,0.03559138472832498,-0.0,0.0,0.12869922873298326,0.0,-0.017283978973592955,-0.0,0.0,-0.0,-0.0,0.16280699945639465,0.0,-0.0,-0.0,-0.0,0.3472902756298995,-0.12162533431095197,-0.0,-0.0,-0.0,-0.0,-0.0,-0.0,-0.01769367221519961,0.01714471284817412,0.029215121289968237,0.033491680256446096,0.014800800711212436,0.035330657362917794,-0.0,-0.0,0.0,-0.0,-0.0,0.0,0.27702135693405644,0.2586093137619315,0.0,0.0,Wisconsin
49,WV,-0.0,-0.0,-0.020503116933210278,0.004465486146483034,-0.0,-0.0,-0.0,-0.0,-0.07006791322171183,-0.0,0.0,-0.0,-0.0,-0.0,-0.0,-0.0,-0.0,-0.0,-0.0,-0.0,-0.0,-0.13765198531655085,-0.0,-0.0,-0.00149835117229833,-0.0,-0.07432385810878103,-0.0,-0.01029389586802267,-0.011496238551920505,-0.0,-0.0,-0.0,-0.003012939628570748,0.0,-0.0,-0.0,-0.0,0.03190838004209585,-0.029724450999435933,0.0,-0.0,-0.0,-0.0,-0.0,-0.2220784414335494,-0.0,-0.0,-0.0,-0.0,-0.0,-0.0,-0.0,0.0011542078153680994,-0.0,0.0,-0.0,-0.0,-0.003481745279271241,-0.15414804910182475,-0.0,-0.0,-0.0,-0.0,-0.0,-0.0,-0.0,-0.0,-0.0,-0.0,-0.0,-0.0,-0.0,-0.0,-0.0,-0.0,-0.0,-0.0,-0.0,-0.2675158123512956,-0.0,-0.0,-0.0,-0.0,0.0,0.0,0.03891439558239915,-0.020765839849444866,-0.02825573225257814,-0.0,0.09778966215212954,-0.02196674376877553,-0.17224201769421046,-0.0,-0.0,1.3362697380741237,-0.0,-0.0,-0.0,0.0,-0.0,-0.0,-0.0,-0.0,0.009819006403834554,0.06668956238358015,0.0,-0.0,-0.0,-0.0,0.0,0.03339678062795283,-0.11294986635820688,0.0,-0.0,-0.0238611125171676,-0.0,0.0,-0.0,0.0,0.0,0.0,0.0,-0.0,-0.0,-0.0,0.05092752644182212,0.014140702997658386,-0.0,-0.0,-0.004488460857832146,0.0,0.0,0.0,0.0,-0.0,-0.0,0.0,-0.0,0.0,0.24321692604670755,0.0,0.0,-0.0,West Virginia
50,WY,-0.0,-0.0,-0.0,-0.0,-0.11210710615210569,-0.0,-0.10630107888878425,0.0,-0.0,-0.0,0.0,-0.0,-0.0,-0.0,-0.0,-0.0,-0.0,-0.39737789813288854,-0.0,-0.0,-0.0,0.0,-0.0,-0.0,-0.0,-0.0,-0.0,-0.0,-0.0,-0.0,0.0,0.0,-0.007446690100689526,0.0932350903269967,0.10937535559765453,0.0,-0.0,-0.05723647745229962,-0.08120635041685156,-0.0,0.13854933573876502,-0.0,-0.0,-0.0,-0.0,-0.0,0.0,-0.0,-0.0,-0.0,-0.0,-0.0,-0.0,-0.0,0.03614831019731669,-0.0,0.04241001345002252,-0.0,0.0012241796729648088,-0.0,-0.0,-0.0,-0.0,-0.0,-0.0,-0.0,-0.0,-0.0,-0.0,-0.0,-0.0,-0.0,-0.0,-0.0,-0.0,-0.0,-0.0,-0.0,-0.16448102930729022,-0.0,0.0,-0.0,-0.0,-0.0,-0.0,-0.005379781208555219,0.0,-0.025104396639141678,-0.022240234670168606,-0.0,0.07575038174633027,-0.04906826473697731,-0.0,-0.0,0.0,0.8157703875790092,0.0,0.0,-0.06764652437004724,-0.0,0.0,0.0,0.0,0.20710419259640325,0.14422938969539387,0.23935518120823643,-0.0,0.06956091999434755,-0.0,-0.11629968409829804,-0.0,-0.00017568706562719774,-0.0,0.0,-0.0,-0.0,0.01563825077996919,0.0,-0.13867933853518385,0.17186386007789511,0.0842444145318266,-0.07743951765478316,0.10456397983461424,-0.037872912082201275,-0.0,0.0,-0.0,0.0,0.0,-0.0,0.12241219712965218,0.32936744853452893,0.08149088491279308,0.08681156595428416,0.0,-0.0,-0.0,-0.0,0.0,0.0,0.18646407637943316,0.0,0.0,0.0,Wyoming
